{
  "train_loss": [
    4.60846551493792,
    4.562649340052872,
    4.381405363861204,
    4.186961727273617,
    4.002399769504513,
    3.899257653816846,
    3.799771075403444,
    3.6880637265470764,
    3.6271712855017406,
    3.5830451112932864,
    3.4674935983228354,
    3.370484843249401,
    3.322473439963987,
    3.2464449021199693,
    3.1588403196344217,
    3.090915169804966,
    3.027039545709991,
    2.942835816708755,
    2.911358736960937,
    2.843862936091165,
    2.796031333000611,
    2.7325200910296297,
    2.674647539180054,
    2.6772321299700144,
    2.6289300332496066,
    2.5545670929911566,
    2.495704016502628,
    2.431659889549398,
    2.394267751755616,
    2.3697133441707496,
    2.3224377915805303,
    2.3090610356457466,
    2.1845680509227803,
    2.191122794221636,
    2.1570815702455235,
    2.110692269448099,
    2.0735695468758175,
    2.0855005483711717,
    2.054643022861687,
    2.0267743756051377,
    2.0281342072238377,
    1.999639091941811,
    1.898383697108416,
    1.8677253758309513,
    1.9023343693893568,
    1.8494695686426603,
    1.818402343560578,
    1.7962716686573235,
    1.7857320160992378,
    1.7728732021391802,
    1.8003384818486876,
    1.7308923785548178,
    1.7178891695588974,
    1.7135737460388665,
    1.6654436689093637,
    1.6675839414755973,
    1.6253932584351847,
    1.5625877162348205,
    1.4974991046807993,
    1.4971005159376176,
    1.4780838958398899,
    1.4653797224676832,
    1.465303067026354,
    1.440035373646484,
    1.4023871380788153,
    1.4063794570686543,
    1.4167647675895878,
    1.3755251163343882,
    1.3745531862347058,
    1.3619398231468838,
    1.3312334756466726,
    1.3171833290580217,
    1.3167958455334254,
    1.3232669541969413,
    1.2800529718164615,
    1.289605687149858,
    1.313102467573498,
    1.2717087614618336,
    1.278931810675352,
    1.2713642882269276,
    1.2747135843382003,
    1.2714290165268214,
    1.2644011847740781,
    1.2588822906113422,
    1.2655978784214197,
    1.2565240271557983,
    1.2296270304373231
  ],
  "train_acc": [
    0.688298918387414,
    2.949852507374631,
    4.2281219272369714,
    5.408062930186824,
    6.882989183874139,
    9.144542772861357,
    12.389380530973451,
    11.9960668633235,
    14.650934119960668,
    14.355948869223205,
    19.66568338249754,
    20.747295968534907,
    22.517207472959686,
    23.2055063913471,
    26.352015732546707,
    26.15535889872173,
    29.69518190757129,
    32.64503441494592,
    34.21828908554572,
    35.39823008849557,
    36.38151425762045,
    38.839724680432646,
    40.511307767944935,
    39.42969518190757,
    41.98623402163225,
    44.346116027531956,
    45.42772861356932,
    46.902654867256636,
    50.73746312684366,
    51.52409046214356,
    51.720747295968536,
    53.88397246804326,
    57.620452310717795,
    58.01376597836775,
    58.898721730580135,
    60.471976401179944,
    62.045231071779746,
    60.86529006882989,
    61.5535889872173,
    62.63520157325467,
    63.81514257620452,
    64.99508357915438,
    69.12487708947886,
    69.12487708947886,
    67.64995083579154,
    70.59980334316617,
    70.79646017699115,
    72.07472959685349,
    71.77974434611603,
    73.5496558505408,
    72.17305801376598,
    73.5496558505408,
    74.63126843657817,
    75.12291052114061,
    77.48279252704032,
    76.69616519174042,
    79.05604719764011,
    80.92428711897739,
    84.56243854473944,
    83.08751229105211,
    84.56243854473944,
    85.25073746312684,
    84.66076696165192,
    86.62733529990167,
    86.62733529990167,
    87.61061946902655,
    87.80727630285152,
    88.10226155358899,
    88.7905604719764,
    89.47885939036381,
    91.34709931170109,
    90.26548672566372,
    91.64208456243854,
    90.4621435594887,
    92.03539823008849,
    92.62536873156343,
    91.05211406096362,
    93.70698131760079,
    92.42871189773845,
    93.41199606686332,
    93.80530973451327,
    92.7236971484759,
    94.10029498525074,
    94.00196656833825,
    93.31366764995083,
    93.70698131760079,
    95.37856440511308
  ],
  "val_loss": [
    4.593330141938763,
    4.463990213449109,
    4.279491397088448,
    4.106131740067721,
    3.9889922308823698,
    3.9223216551321523,
    3.8137718777597684,
    3.7687267491846907,
    3.7411811852160795,
    3.609250466028849,
    3.60645263283341,
    3.526881238560618,
    3.4372545799600736,
    3.3530194965409645,
    3.303690251008964,
    3.2811392118901384,
    3.2501597983356367,
    3.209591737990517,
    3.148569994012024,
    3.1751222129711887,
    3.1329379395692927,
    3.066807171935407,
    3.088938662054117,
    3.067374051843651,
    3.088233341405421,
    3.0511668699759023,
    3.0382447723498562,
    3.087619775607262,
    2.9775774498535283,
    2.9919698257995733,
    2.9880595442689497,
    2.989353994283166,
    2.967476994902999,
    2.9997342898521895,
    2.8842487403885326,
    2.8725755636584123,
    2.980928116865119,
    2.8972560446939353,
    2.932377340371717,
    2.96870750949216,
    2.9482295797685536,
    2.9175891032434786,
    2.8065324997215115,
    2.8329204894878246,
    2.86584775438034,
    2.894977090780627,
    2.8668742817615778,
    2.7966449908268305,
    2.8402783909942877,
    2.8239416762143987,
    2.760988863407339,
    2.8643847237889166,
    2.8824344309269154,
    2.8378996230937816,
    2.9054827013133484,
    2.877142452899321,
    2.8299795629556286,
    2.840881129841746,
    2.846305869734336,
    2.8087592900044633,
    2.83512479483836,
    2.79992123886391,
    2.8176959865868336,
    2.7426950892303217,
    2.7274030393043174,
    2.806657944196536,
    2.7683422496779957,
    2.75913298375322,
    2.763205149536761,
    2.7748754426775646,
    2.7554993217374073,
    2.7614624176496343,
    2.762234531802896,
    2.7861771956392767,
    2.78608429088514,
    2.75603222258297,
    2.7335302290111905,
    2.7365668241869767,
    2.7153399020065496,
    2.7300811069001876,
    2.736667351467619,
    2.733124113867803,
    2.7285684146017695,
    2.7314353312975093,
    2.7288065584598744,
    2.739723084885397,
    2.740988442927231
  ],