{
  "train_loss": [
    4.6086644066704645,
    4.567105196218575,
    4.3521155785904755,
    4.151838270260521,
    4.004831295801123,
    3.8872892544801725,
    3.8047462370074485,
    3.683498304736532,
    3.572326515979823,
    3.5045999978964777,
    3.4219829332863685,
    3.393862566999512,
    3.2835766758070113,
    3.2086394435653762,
    3.1292386118289643,
    3.130800902198784,
    3.014384025434946,
    3.0033490106888343,
    2.9137784508711704,
    2.867569210723907,
    2.8176748783070313,
    2.76639905885492,
    2.6862927838178274,
    2.6059477934091846,
    2.5713715520463043,
    2.59300192056504,
    2.511645721709365,
    2.4442725256598217,
    2.438979516456026,
    2.395494418861592,
    2.3242320653377146,
    2.281371394675976,
    2.267194950475102,
    2.2284222354813896,
    2.2021310205187654,
    2.162966410787877,
    2.1396367280298043,
    2.10325917874114,
    2.0305688695335578,
    2.0350873139755565,
    1.9946820692561251,
    1.9392746773675713,
    1.9246192583292283,
    1.9056983147633346,
    1.8904627295487515,
    1.8195477113376795,
    1.8325486251152137,
    1.7810955990028945,
    1.7622049522962542,
    1.6674103251600687,
    1.6438848871514273,
    1.6331750535449212,
    1.5765951856633789,
    1.5738470727832385,
    1.5472392298596211,
    1.554332089986773,
    1.493642879212266,
    1.4888655773657964,
    1.500207586626036,
    1.4911426989143695,
    1.4763436392462477,
    1.441532506469194,
    1.473052991057802,
    1.4649317064116487,
    1.4299995481909318,
    1.3890783650802416,
    1.3865763910166047,
    1.3664672946742384,
    1.3372973081753785,
    1.3518433923683804,
    1.3413434503352748,
    1.3412301017588688,
    1.3329963119097985,
    1.313539559862255,
    1.3328862258232215,
    1.3142018940596454,
    1.2932873849437416,
    1.328098256679411,
    1.2921537537138723,
    1.303872466204558,
    1.29826921781373,
    1.271195463257436,
    1.2748994761629209,
    1.27728016444481,
    1.2685718294910742,
    1.2839142673721238,
    1.2715740555507244,
    1.2607563207752,
    1.263749763325604,
    1.2589203739353807
  ],
  "train_acc": [
    0.7866273352999017,
    2.753195673549656,
    3.933136676499508,
    5.2114060963618485,
    6.784660766961652,
    8.456243854473943,
    11.406096361848574,
    13.077679449360865,
    15.044247787610619,
    17.010816125860373,
    17.6007866273353,
    18.780727630285153,
    23.795476892822027,
    23.59882005899705,
    24.48377581120944,
    25.76204523107178,
    29.69518190757129,
    29.99016715830875,
    30.48180924287119,
    33.92330383480826,
    35.59488692232055,
    37.75811209439528,
    40.60963618485742,
    43.1661750245821,
    43.1661750245821,
    45.03441494591937,
    47.885939036381515,
    49.36086529006883,
    47.984267453294,
    49.36086529006883,
    52.60570304818093,
    54.17895771878073,
    55.260570304818096,
    56.342182890855455,
    57.32546705998033,
    58.50540806293019,
    59.39036381514258,
    61.160275319567354,
    63.028515240904625,
    62.34021632251721,
    63.323500491642086,
    67.05998033431662,
    67.94493608652901,
    68.23992133726647,
    70.4031465093412,
    70.59980334316617,
    71.09144542772862,
    71.68141592920354,
    72.95968534906588,
    77.08947885939037,
    78.36774827925271,
    79.1543756145526,
    81.21927236971484,
    80.53097345132744,
    82.98918387413963,
    82.69419862340216,
    85.05408062930186,
    84.16912487708947,
    84.75909537856441,
    84.46411012782694,
    85.34906588003933,
    87.2173058013766,
    85.54572271386431,
    85.74237954768928,
    87.90560471976401,
    87.51229105211407,
    89.08554572271386,
    89.77384464110128,
    89.87217305801377,
    90.75712881022615,
    90.95378564405114,
    90.3638151425762,
    90.16715830875123,
    92.42871189773845,
    90.56047197640117,
    91.64208456243854,
    91.93706981317601,
    92.03539823008849,
    93.01868239921338,
    91.74041297935104,
    92.42871189773845,
    93.6086529006883,
    93.51032448377582,
    94.3952802359882,
    92.7236971484759,
    93.70698131760079,
    93.21533923303835,
    93.80530973451327,
    93.11701081612586,
    93.80530973451327
  ],
  "val_loss": [
    4.595194567378166,
    4.4663572684237005,
    4.25747604134642,
    4.064105865886672,
    3.9811227625780146,
    3.9234879497637967,
    3.8108298003428267,
    3.6962609251830805,
    3.6989449630548923,
    3.5416938336297807,
    3.4958324187086443,
    3.436100686037982,
    3.3847943961375044,
    3.3183612744994613,
    3.324215967468764,
    3.296926501356525,
    3.240262389673618,
    3.227080832783577,
    3.154483226101094,
    3.146459965058315,
    3.1458760956187306,
    3.1603279192261247,
    3.093493672555366,
    3.049673367920236,
    3.068374592580913,
    3.0094709788820873,
    3.0413410536055703,
    2.9829229719844865,
    2.9141299459669323,
    2.843102237324656,
    2.860721431151339,
    2.8743463622199164,
    2.9127022788357833,
    2.8524126751432695,
    2.8373408974934016,
    2.749008033501268,
    2.7852369188771817,
    2.810750734658889,
    2.7996899532192527,
    2.7599855156101807,
    2.9086846991331,
    2.8035970371937067,
    2.730178820252909,
    2.79295505908291,
    2.7297735488954395,
    2.7814368102776172,
    2.754589795085138,
    2.807699043564345,
    2.790590901433686,
    2.7203347712387274,
    2.7132955195972457,
    2.6854887038101385,
    2.6341673395761247,
    2.71159265267015,
    2.722503622863518,
    2.7171436719933655,
    2.706503327491352,
    2.6936132613523505,
    2.6855328073226867,
    2.648858968122506,
    2.6521405280862815,
    2.686678191761912,
    2.6862729292347596,
    2.651263992482252,
    2.6698065745977706,
    2.652134001500322,
    2.669485622963297,
    2.6530392483919245,
    2.690960287557217,
    2.6705283647702065,
    2.670227959322831,
    2.686049816539749,
    2.660157370469207,
    2.6304449701505432,
    2.6292270397453152,
    2.629682603686925,
    2.6313668484550443,
    2.6367995748794617,
    2.6425124215491023,
    2.658901593322126,
    2.6611512649206466,
    2.654254327585668,
    2.6585041485696173,
    2.6426757176717124,
    2.6443377316243364,
    2.650311613279115,
    2.649041887173437,
    2.6471812764312994,
    2.6470881646552695,
    2.644160894700039
  ],