{
  "train_loss": [
    4.608764217549252,
    4.581442712448105,
    4.432008964591088,
    4.312318898466367,
    4.179199940804301,
    4.107066236062739,
    4.0093918104556225,
    3.894514981741516,
    3.7949213369757726,
    3.701238103789683,
    3.660377799468289,
    3.57517803735086,
    3.666268927275021,
    3.501565000652212,
    3.462941423864374,
    3.389556860619004,
    3.418797989979372,
    3.3092862263307223,
    3.2844966501144066,
    3.3524124221464175,
    3.169956297532178,
    3.11009831719225,
    3.039656375596188,
    3.2056448515889215,
    3.012272692945737,
    2.9719905046821227,
    3.1836222010493396,
    3.0128054121837033,
    3.0865491156263922,
    2.8325663133356773,
    3.05170287729599,
    2.9816386265975066,
    2.730248113180215,
    2.856999141745628,
    2.7601604904748696,
    2.552259728620186,
    2.674968694163635,
    2.727976572079879,
    2.5810391040209355,
    2.3678383318489398,
    2.778877472103873,
    2.476735327916628,
    2.7664319912123703,
    2.556487739965276,
    2.4521457687122865,
    2.3517584320132126,
    2.403984631408984,
    2.346183710510869,
    2.7392298743905337,
    2.5632404491026963,
    2.5159918141341606,
    2.3011409931595463,
    2.3821489342077173,
    2.31107307887007,
    2.131227026529603,
    2.337602330754523,
    2.6803050369405232,
    2.4449471062966857,
    2.179588047335164,
    2.1232102299392985,
    2.0274308953899434,
    2.4427237515369815,
    2.084636645331144,
    2.0482717718463848,
    2.076923555798001,
    2.039091175988009,
    2.117765283397048,
    2.0395541187584576,
    2.000007031472618,
    2.0637985342488996,
    2.03389036034178,
    1.7636104164573647,
    2.0028791504975265,
    2.2302292645153394,
    2.030349759108432,
    2.0226608968414035,
    1.8436618973020256,
    2.1984959963851973,
    2.0485542004556194,
    2.0580551559828963,
    2.122559834605004,
    2.225721993277558,
    2.0366071770910903,
    1.8743173710364507,
    1.943953340149676,
    2.113116066950495,
    1.9518077455556264,
    1.9908603231698245
  ],
  "train_acc": [
    0.7866273352999017,
    1.7699115044247788,
    2.0648967551622417,
    2.6548672566371683,
    3.2448377581120944,
    5.801376597836775,
    7.866273352999016,
    9.144542772861357,
    7.571288102261554,
    11.406096361848574,
    9.537856440511307,
    10.816125860373647,
    11.2094395280236,
    12.684365781710914,
    10.127826941986234,
    12.684365781710914,
    12.684365781710914,
    14.060963618485742,
    11.11111111111111,
    16.224188790560472,
    14.257620452310718,
    20.747295968534907,
    19.272369714847592,
    16.027531956735498,
    14.749262536873156,
    21.238938053097346,
    22.4188790560472,
    18.58407079646018,
    25.565388397246803,
    23.402163225172075,
    22.910521140609635,
    21.14060963618486,
    23.697148475909536,
    27.43362831858407,
    30.580137659783677,
    20.255653883972467,
    18.977384464110127,
    33.52999016715831,
    35.2015732546706,
    36.971484759095375,
    19.174041297935105,
    31.563421828908556,
    28.121927236971484,
    23.107177974434613,
    31.76007866273353,
    32.743362831858406,
    37.561455260570305,
    29.891838741396263,
    35.10324483775811,
    33.6283185840708,
    27.728613569321535,
    21.92723697148476,
    42.772861356932154,
    30.186823992133725,
    38.64306784660767,
    38.34808259587021,
    35.004916420845625,
    29.49852507374631,
    35.9882005899705,
    35.004916420845625,
    45.42772861356932,
    40.60963618485742,
    41.88790560471976,
    44.44444444444444,
    51.52409046214356,
    41.29793510324484,
    40.70796460176991,
    36.87315634218289,
    33.92330383480826,
    35.10324483775811,
    33.23500491642085,
    36.971484759095375,
    31.563421828908556,
    24.287118977384463,
    40.21632251720747,
    59.68534906588004,
    36.7748279252704,
    53.49065880039331,
    47.00098328416912,
    45.82104228121927,
    38.15142576204523,
    48.37758112094395,
    52.704031465093415,
    48.77089478859391,
    54.08062930186824,
    36.87315634218289,
    36.676499508357914,
    48.869223205506394
  ],
  "val_loss": [
    4.597266723099069,
    4.504853146556965,
    4.3362789232544445,
    4.18296571621679,
    4.07166345619861,
    3.929248800002989,
    3.7861726627428345,
    3.74975518042168,
    3.6591278407799366,
    3.5608006740303195,
    3.5510889826488103,
    3.4447649280720776,
    3.422992309915676,
    3.417290616918493,
    3.3430270049797657,
    3.2616524755218883,
    3.2639731517053927,
    3.2406756554120855,
    3.1849895416463845,
    3.149986241580037,
    3.1352978429676575,
    3.096232743910801,
    3.032131842624994,
    3.0435179751596335,
    2.977952897303389,
    2.9658579855789373,
    2.972320565470943,
    2.9361412132718434,
    2.9169244707366566,
    2.934744049001623,
    2.884682780921214,
    2.8381232371546115,
    2.783294467769042,
    2.814473417070177,
    2.77779773429588,
    2.7698748023421675,
    2.6677330433095925,
    2.738762269785375,
    2.7043020529020962,
    2.693184717201892,
    2.710705011469837,
    2.709155196515621,
    2.6630513785797874,
    2.6693044150317156,
    2.6612986968868553,
    2.6752292972533303,
    2.63005295800574,
    2.621823372664275,
    2.6615614871429316,
    2.611791538112939,
    2.622976484612673,
    2.6345215697347384,
    2.6153568328653343,
    2.669562278951637,
    2.6382482571856967,
    2.6175247690805192,
    2.6033299763997397,
    2.5282256907396357,
    2.527884032010051,
    2.5652123331533048,
    2.55818066283018,
    2.516665446905442,
    2.5853059615617915,
    2.546393399375947,
    2.491528465914628,
    2.5479809845425954,
    2.545711295594894,
    2.5207883134300326,
    2.51482888209967,
    2.5106721836843606,
    2.5051265371189197,
    2.499911721351215,
    2.504037354708699,
    2.529032491362144,
    2.5237606945351807,
    2.520469638055244,
    2.5089470565073775,
    2.4665554236973266,
    2.460844255769204,
    2.5093274822941534,
    2.49485696882868,
    2.494977913766241,
    2.5014441749195995,
    2.5029864939151967,
    2.4914183636261114,
    2.4923086441102833,
    2.4813959706467363,
    2.4721905194192266
  ],