{
  "train_loss": [
    4.607849456333247,
    4.570158628353092,
    4.464575267705476,
    4.355733901936278,
    4.220226804532602,
    4.103859640504055,
    4.038349507715381,
    3.910224948309164,
    3.9025594023007795,
    3.8124131035781303,
    3.742913188953081,
    3.6946839929916395,
    3.590776413708427,
    3.50517970622465,
    3.5494097111382197,
    3.3916692105483635,
    3.2689739101169852,
    3.2388100670971114,
    3.2515815516371527,
    3.2691561580290367,
    3.100275520026508,
    3.096399670388026,
    3.145182136940745,
    3.1192770848232034,
    3.1567249628646534,
    3.0613341519028503,
    3.117567529368893,
    2.9212207606642884,
    2.8078305510293067,
    2.806885469627943,
    2.7994529982935363,
    2.7725319810790414,
    2.853147022140413,
    2.7217758177773206,
    2.855369006169112,
    2.7093739111046053,
    2.8890436783418307,
    2.5477905793879234,
    2.709590553885716,
    2.762016045308746,
    2.8018694456113593,
    2.565465277275153,
    2.696911568955803,
    2.4048128559408872,
    2.474341750027742,
    2.4025602079305206,
    2.397833871044358,
    2.160129909787323,
    2.566557613328729,
    2.3069564234190634,
    2.3059534407646605,
    2.1989400628276514,
    2.4714572760207814,
    2.350748394091221,
    2.478148220328572,
    2.3890991782954543,
    2.245079389363967,
    2.2969770014227433,
    2.3190062990816878,
    2.47588784047636,
    2.36011024831905,
    2.0821677899993625,
    1.9623070151170563,
    2.278586994816303,
    2.125223517066258,
    2.037569568454926,
    2.1841205547223987,
    2.114758451076384,
    2.0422964457096486,
    2.4193899174355478,
    2.3738552804307367,
    2.0892540904507406,
    1.9555237980132727,
    1.7537498219761056,
    2.0805781873395426,
    2.0397413224714462,
    2.3070068933736376,
    1.8739254297642816,
    1.7867099969201852,
    1.8518894168831255,
    1.9147896958897834,
    1.7695981915838717,
    1.813445547102944,
    2.006817812999324,
    2.1567989530347678,
    2.1533054322033625,
    2.0465308968179228,
    1.7756138494936062,
    1.9928764881989245,
    2.054004545057066,
    2.066254627505352,
    1.8948890912028775,
    2.088598532076548,
    1.702424657379983,
    1.9893591455536488,
    1.9155135975240372
  ],
  "train_acc": [
    0.688298918387414,
    2.1632251720747298,
    1.7699115044247788,
    4.031465093411996,
    3.5398230088495577,
    3.5398230088495577,
    4.031465093411996,
    5.408062930186824,
    5.801376597836775,
    7.374631268436578,
    10.422812192723697,
    7.669616519174041,
    13.176007866273354,
    11.2094395280236,
    9.144542772861357,
    13.864306784660767,
    12.291052114060964,
    12.192723697148477,
    17.010816125860373,
    18.09242871189774,
    13.864306784660767,
    19.960668633235006,
    21.533923303834808,
    17.207472959685347,
    14.454277286135694,
    20.058997050147493,
    20.255653883972467,
    16.519174041297934,
    12.782694198623402,
    18.682399213372666,
    24.680432645034415,
    28.41691248770895,
    22.025565388397247,
    22.4188790560472,
    29.400196656833824,
    23.992133726647,
    29.596853490658802,
    11.799410029498524,
    28.71189773844641,
    12.88102261553589,
    29.596853490658802,
    31.563421828908556,
    26.253687315634217,
    31.956735496558505,
    33.92330383480826,
    34.51327433628319,
    33.03834808259587,
    24.385447394296953,
    37.36479842674533,
    24.975417895771876,
    43.657817109144545,
    23.59882005899705,
    38.544739429695184,
    30.186823992133725,
    29.105211406096362,
    37.266470009832844,
    40.60963618485742,
    36.676499508357914,
    35.49655850540806,
    18.87905604719764,
    41.101278269419865,
    48.77089478859391,
    38.4464110127827,
    44.936086529006886,
    39.528023598820056,
    46.50934119960669,
    31.465093411996065,
    37.85644051130777,
    44.936086529006886,
    40.90462143559488,
    38.839724680432646,
    34.90658800393314,
    40.0196656833825,
    46.31268436578171,
    33.82497541789577,
    37.46312684365782,
    39.62635201573255,
    38.34808259587021,
    32.743362831858406,
    29.301868239921337,
    35.693215339233035,
    61.25860373647984,
    50.835791543756145,
    42.87118977384464,
    30.678466076696164,
    42.57620452310718,
    50.63913470993117,
    48.08259587020649,
    32.25172074729597,
    32.54670599803343,
    42.182890855457224,
    36.57817109144543,
    38.249754178957716,
    51.130776794493606,
    40.70796460176991,
    49.164208456243855
  ],
  "val_loss": [
    4.5927543816743075,
    4.492424537124948,
    4.381321406658785,
    4.266526341928866,
    4.085555873290011,
    3.981023023157944,
    3.923776308695475,
    3.825424473962666,
    3.761611577414681,
    3.704246703489327,
    3.6528721699498807,
    3.5605515285774514,
    3.4936007923550076,
    3.4216132477968317,
    3.423531271302651,
    3.2888804168858154,
    3.301722726704162,
    3.26840119204894,
    3.254633809313362,
    3.2426927236863126,
    3.2121782538331587,
    3.1072489793408553,
    3.150965928050226,
    3.197890064843888,
    3.1223598154484,
    3.1105662186940513,
    3.082957417876632,
    2.957668190630375,
    2.9650231683205184,
    2.926022404996456,
    2.9827617382316434,
    2.8658127245098477,
    2.8924805735364374,
    2.9322153805705256,
    2.9198242862528736,
    2.827181914215716,
    2.8642460564036427,
    2.8555141427389388,
    2.839240937566561,
    2.8234737743566067,
    2.8256331834282893,
    2.7373894752298362,
    2.7914524588565275,
    2.7343757417466907,
    2.7157749541011857,
    2.700721431661535,
    2.7094794075184887,
    2.6946195457207325,
    2.6924414301114807,
    2.719584334534382,
    2.6351907302322704,
    2.6439584184575966,
    2.654236708158328,
    2.6543431537141524,
    2.628992022800838,
    2.6194503179793496,
    2.597380832389549,
    2.5841459119270858,
    2.5876608944724127,
    2.5922735267215304,
    2.573822038163864,
    2.587096129915842,
    2.581684218512641,
    2.5803726239459506,
    2.577128723325062,
    2.5632283501173734,
    2.5282090681570546,
    2.548562524740588,
    2.5574023654922047,
    2.5638425595475813,
    2.566827351173746,
    2.538784728619297,
    2.5433558515069907,
    2.5703612924112704,
    2.5489953270664922,
    2.5756485099164546,
    2.5751448099505265,
    2.5589392813144887,
    2.5666985933672746,
    2.580290311648522,
    2.5598083062427035,
    2.5421457879337264,
    2.5254138811135,
    2.541761846699342,
    2.532957865868086,
    2.5356252733081455,
    2.5176280251255743,
    2.53307066827154,
    2.539944870481766,
    2.5336228152852,
    2.5314665959205156,
    2.5337586501007707,
    2.5372504128350153,
    2.541076206866606,
    2.538476533850525,
    2.5380676273455838
  ],