{
  "train_loss": [
    4.606427042181864,
    4.544160743026959,
    4.345833127125878,
    4.132884328461444,
    3.980654136972793,
    3.861583460279857,
    3.737013724935676,
    3.591009230505869,
    3.5030505092212,
    3.3762690472391856,
    3.2743020707058226,
    3.169704666531543,
    3.085407551059329,
    3.0122123578070656,
    2.881110974117718,
    2.8506236259212887,
    2.7347406888547314,
    2.6905368567685226,
    2.6215457545855285,
    2.5657493948584813,
    2.482189670542114,
    2.4316981671013544,
    2.397171411542414,
    2.363314529904691,
    2.258960623305104,
    2.2017058561919596,
    2.161839135159668,
    2.1053791040281746,
    2.0547651159142086,
    2.025507610924945,
    1.9431672604972516,
    1.9513693162942471,
    1.8666818261498195,
    1.8477383135811534,
    1.7906909198770364,
    1.7733248818002736,
    1.7660726969924296,
    1.6739161975733063,
    1.597418355613566,
    1.5476657146315074,
    1.5292778362097876,
    1.511899963123843,
    1.4772429772182905,
    1.4637279761341586,
    1.4231054256564866,
    1.3970927931917805,
    1.3747599164762094,
    1.374236258081982,
    1.3624759464723406,
    1.3536486391238172,
    1.325042090701963,
    1.3354989623132592,
    1.3176972711332429,
    1.2968554747608676,
    1.3038984716466042,
    1.295347784707211,
    1.3001174347707773,
    1.2770632157283546,
    1.2706512040444884,
    1.2666837904188368,
    1.2694046791558655,
    1.2418448376444589
  ],
  "train_acc": [
    0.688298918387414,
    3.048180924287119,
    3.2448377581120944,
    5.899705014749262,
    7.276302851524091,
    7.964601769911504,
    12.192723697148477,
    13.864306784660767,
    17.305801376597838,
    21.92723697148476,
    21.92723697148476,
    25.565388397246803,
    27.630285152409048,
    28.023598820058996,
    33.23500491642085,
    35.39823008849557,
    38.64306784660767,
    37.65978367748279,
    39.92133726647001,
    40.90462143559488,
    46.11602753195674,
    47.1976401179941,
    47.885939036381515,
    51.130776794493606,
    52.8023598820059,
    54.27728613569322,
    56.24385447394297,
    59.488692232055065,
    62.045231071779746,
    63.2251720747296,
    66.4700098328417,
    64.30678466076697,
    68.82989183874139,
    70.89478859390364,
    74.04129793510324,
    72.95968534906588,
    74.72959685349066,
    78.76106194690266,
    80.72763028515242,
    82.98918387413963,
    83.9724680432645,
    85.44739429695181,
    86.03736479842675,
    85.74237954768928,
    89.5771878072763,
    89.87217305801377,
    91.83874139626352,
    91.34709931170109,
    90.75712881022615,
    90.85545722713864,
    91.83874139626352,
    92.92035398230088,
    93.31366764995083,
    93.21533923303835,
    93.51032448377582,
    93.51032448377582,
    92.03539823008849,
    94.69026548672566,
    94.3952802359882,
    94.59193706981317,
    94.49360865290069,
    94.88692232055064
  ],
  "val_loss": [
    4.599312733230277,
    4.461011003564905,
    4.243165657844073,
    4.082321270993708,
    3.9652249410809803,
    3.892878926830527,
    3.779604048395353,
    3.6715514385160595,
    3.589340202111766,
    3.5611920709963196,
    3.456150699544836,
    3.4273806619055476,
    3.3232345276899298,
    3.274155072223993,
    3.285228767512757,
    3.223484814412309,
    3.2095992339491355,
    3.15483444708365,
    3.1405165656603904,
    3.1425663747905213,
    3.116128633051743,
    3.136278674435714,
    3.0894835682072266,
    3.0974857149791326,
    3.0419933609511136,
    3.0667855651290328,
    3.0994269661452054,
    3.077738977754067,
    3.1049207924815363,
    2.961585807211605,
    3.0311596776232306,
    3.0061883376949607,
    3.0408437301102,
    3.0528240704242093,
    3.0161961832164246,
    3.0622442318088234,
    3.046845974745574,
    2.985661801977903,
    3.027005811777625,
    2.9967617831603,
    2.9852550294664173,
    2.984165670449842,
    2.971738189336204,
    2.980544967415892,
    2.990923738283385,
    2.9829503734415943,
    2.991719638369211,
    3.0017787988293807,
    2.995465971314858,
    3.005478526339119,
    3.020165639649693,
    3.0368593092317933,
    3.0034723929416987,
    3.000341878506382,
    3.009143195525118,
    3.022190861250638,
    3.027762003886847,
    3.013776543699665,
    3.004046450917122,
    3.0207810009457936,
    3.023913574807438,
    3.0158538141368347
  ],
  "val_acc": [
    1.646090534979424,
    2.4691358024691357,
    4.11522633744856,
    5.761316872427984,
    6.584362139917696,
    9.053497942386832,
    12.345679012345679,
    15.22633744855967,
    17.695473251028808,
    20.5761316872428,
    19.753086419753085,
    21.39917695473251,
    24.691358024691358,
    23.868312757201647,
    24.691358024691358,
    23.868312757201647,
    30.041152263374485,
    33.74485596707819,
    30.864197530864196,
    31.68724279835391,
    31.68724279835391,
    34.15637860082305,
    32.92181069958848,
    35.390946502057616,
    36.62551440329218,
    38.27160493827161,
    37.86008230452675,
    34.97942386831276,
    37.86008230452675,
    39.91769547325103,
    41.56378600823045,
    38.27160493827161,
    39.50617283950617,
    38.27160493827161,
    40.74074074074074,
    40.32921810699588,
    41.1522633744856,
    43.20987654320987,
    41.56378600823045,
    41.97530864197531,
    41.1522633744856,
    40.32921810699588,
    42.79835390946502,
    42.38683127572016,
    44.44444444444444,
    43.20987654320987,
    44.8559670781893,
    44.03292181069959,
    43.20987654320987,
    44.03292181069959,
    43.62139917695473,
    42.38683127572016,
    43.62139917695473,
    44.8559670781893,
    44.44444444444444,
    43.62139917695473,
    43.62139917695473,
    44.44444444444444,
    43.62139917695473,
    43.20987654320987,
    44.03292181069959,
    44.44444444444444
  ],
  "lr": [
    0.001,
    0.001,
    0.001,
    0.001,
    0.001,
    0.001,
    0.001,
    0.001,
    0.001,
    0.001,
    0.001,
    0.001,
    0.001,
    0.001,
    0.001,
    0.001,
    0.001,
    0.001,
    0.001,
    0.001,
    0.001,
    0.001,
    0.001,
    0.001,
    0.001,
    0.001,
    0.001,
    0.001,
    0.001,
    0.001,
    0.001,
    0.001,
    0.001,
    0.001,
    0.001,
    0.001,
    0.0005,
    0.0005,
    0.0005,
    0.0005,
    0.0005,
    0.0005,
    0.0005,
    0.00025,
    0.00025,
    0.00025,
    0.00025,
    0.00025,
    0.00025,
    0.00025,
    0.00025,
    0.00025,
    0.000125,
    0.000125,
    0.000125,
    0.000125,
    0.000125,
    0.000125,
    6.25e-05,
    6.25e-05,
    6.25e-05,
    6.25e-05
  ]
}