{
  "train_loss": [
    4.609642295124726,
    4.5498445256738655,
    4.321650115906782,
    4.107459107214253,
    3.9200317768220705,
    3.832503810627505,
    3.716647488998218,
    3.5779797730778755,
    3.4546677400463333,
    3.3328223573071414,
    3.2368316662112284,
    3.1267405758916804,
    3.0285038331499727,
    2.9321589047929884,
    2.85874576953074,
    2.8022753392935034,
    2.722288175318445,
    2.6316090825736347,
    2.5732274700172297,
    2.5235963486640505,
    2.4271674547692434,
    2.348349121585122,
    2.3007334612580994,
    2.2569463883646588,
    2.199840054985579,
    2.13916539489461,
    2.0466460820613475,
    2.0874031698926476,
    2.0173109269306253,
    1.9816332613589607,
    1.9200212041185316,
    1.8868948406408905,
    1.79945726357144,
    1.825467865844509,
    1.7639321208351832,
    1.741176300930297,
    1.6639484240945461,
    1.644596863402495,
    1.6229146595901445,
    1.5826317581806915,
    1.5568619269068145,
    1.5564949986036782,
    1.5336937381571842,
    1.5221811068796478,
    1.427635080577584,
    1.383309167512164,
    1.3626880734836575,
    1.3374191469850794,
    1.3310731172327213,
    1.3160496524653251,
    1.289668347279934,
    1.269943925366172,
    1.267368063462519,
    1.227300190175412,
    1.2218911055852764,
    1.2078619894142113,
    1.1956248262287241,
    1.2014624661048956,
    1.1908857027689617,
    1.1885322603152564,
    1.1899698848452422,
    1.1745295420274386,
    1.175657208221383,
    1.1759169940985996,
    1.1610404848466347,
    1.1506431705246047,
    1.1463534033755638,
    1.145057715614754,
    1.1520451089273864,
    1.1392536632196506,
    1.1285794847951642,
    1.1237077441070167,
    1.143517956503959,
    1.1227023040064434,
    1.1211188022365963,
    1.1184803754999693,
    1.108096889807177,
    1.1099682840039713,
    1.1123932916506203,
    1.102631147046122,
    1.0983505590123765,
    1.1042049324969627
  ],
  "train_acc": [
    0.5899705014749262,
    2.55653883972468,
    5.3097345132743365,
    5.408062930186824,
    7.472959685349066,
    10.029498525073747,
    11.799410029498524,
    14.847590953785645,
    19.075712881022614,
    20.845624385447394,
    23.2055063913471,
    26.843657817109143,
    28.41691248770895,
    31.26843657817109,
    33.23500491642085,
    36.283185840707965,
    36.676499508357914,
    41.69124877089479,
    43.657817109144545,
    44.8377581120944,
    47.590953785644054,
    52.015732546706,
    53.097345132743364,
    55.063913470993114,
    57.71878072763028,
    59.58702064896755,
    62.63520157325467,
    59.488692232055065,
    61.84857423795477,
    65.88003933136676,
    67.74827925270404,
    67.35496558505407,
    71.09144542772862,
    72.46804326450344,
    74.4346116027532,
    75.90953785644051,
    78.76106194690266,
    77.67944936086529,
    81.41592920353982,
    81.61258603736479,
    82.00589970501476,
    82.10422812192724,
    82.59587020648968,
    82.79252704031465,
    86.92232055063913,
    89.87217305801377,
    91.15044247787611,
    91.64208456243854,
    91.34709931170109,
    92.8220255653884,
    94.19862340216322,
    94.49360865290069,
    93.90363815142577,
    95.47689282202556,
    95.18190757128811,
    95.77187807276303,
    97.24680432645035,
    96.06686332350048,
    96.95181907571288,
    96.26352015732547,
    97.14847590953785,
    97.14847590953785,
    97.34513274336283,
    96.55850540806293,
    97.54178957718781,
    97.93510324483776,
    97.6401179941003,
    97.93510324483776,
    97.73844641101279,
    97.83677482792527,
    98.13176007866274,
    98.13176007866274,
    97.6401179941003,
    98.32841691248771,
    98.13176007866274,
    99.01671583087513,
    98.72173058013766,
    97.93510324483776,
    98.23008849557522,
    98.32841691248771,
    98.52507374631269,
    98.52507374631269
  ],
  "val_loss": [
    4.598752426021874,
    4.47339514351676,
    4.2169043301554865,
    4.0483299969645685,
    3.9093538370642644,
    3.798499631293026,
    3.7005353935461476,
    3.584805788817229,
    3.5383725411607405,
    3.4231263659127946,
    3.344843420962738,
    3.324375464592451,
    3.3132525569617504,
    3.2278471542483986,
    3.171853139076704,
    3.188203950968299,
    3.0781036218007407,
    3.139026059044732,
    3.0887465732087813,
    3.078988377449444,
    2.973680090021204,
    2.988539319960669,
    2.981048534927054,
    2.978423685693937,
    2.939647964979886,
    2.973449086946715,
    2.974132530973772,
    2.9816721329473173,
    2.964811809759572,
    2.9214581334541854,
    2.9467958785869457,
    2.894491256509789,
    2.9083192652635614,
    2.979808765183751,
    3.0001912283799284,
    2.962032614421452,
    2.9479942047056347,
    2.838536052546874,
    3.0086876963391718,
    2.984904530607624,
    2.8309484273808483,
    2.9743231461371904,
    2.9602498429302324,
    2.9532242439411305,
    2.893690550768817,
    2.877838018990348,
    2.879646770257518,
    2.901460676036254,
    2.8622142483668074,
    2.9075691376203374,
    2.9117572641176452,
    2.9418781618031944,
    2.8978259534011652,
    2.85518283608519,
    2.8543631225947,
    2.866088087176099,
    2.8376598986088,
    2.9058980411953397,
    2.866304652681076,
    2.8462367254029575,
    2.8747585889243297,
    2.885177115844601,
    2.832929002895277,
    2.870422811665162,
    2.8662011495833535,
    2.854274033518976,
    2.8531233665874467,
    2.8603134047347334,
    2.848453206780516,
    2.862677439740656,
    2.848736432354146,
    2.852833869525925,
    2.8527054256863065,
    2.862151913191556,
    2.858915800910918,
    2.859888753773254,
    2.864993472158173,
    2.868214591540427,
    2.8554431832866904,
    2.863743805590971,
    2.8606557394741983,
    2.8616053901091525
  ],