{
  "train_loss": [
    4.607732747039495,
    4.5411044719062135,
    4.391873441262934,
    4.237599575414067,
    4.09452495884403,
    3.9155989391848283,
    3.7814200789527557,
    3.671614481870638,
    3.5380615203429815,
    3.4278225668998124,
    3.3009791803219324,
    3.1905211183291033,
    3.1122807774220242,
    2.9735665440911037,
    2.891871853446773,
    2.8557658434617483,
    2.7496625523768814,
    2.6847272397494244,
    2.5906127547092495,
    2.528348810904849,
    2.4712700700806773,
    2.4167055446020855,
    2.3174575913034476,
    2.266310624082297,
    2.198130367310936,
    2.142297628237669,
    2.070916246641116,
    2.0532708507957946,
    1.992835828805509,
    1.9623636683648784,
    1.9083769684813132,
    1.871097543363843,
    1.8308728423442109,
    1.7736304283376523,
    1.7319966927390535,
    1.6849628287196277,
    1.667435209425267,
    1.6516882730913491,
    1.6322680248740618,
    1.6018079761910227,
    1.5676383756489412,
    1.5430743438773216,
    1.5288749915660307,
    1.4957945171007365,
    1.4675178511421707,
    1.4145501911815992,
    1.3610231684138054,
    1.3298203654462726,
    1.2930501279812179,
    1.2713944489977,
    1.2754645163565141,
    1.2721998764233133,
    1.2497911903358843,
    1.2344164393527202,
    1.2158762583455973,
    1.2113676238786741,
    1.1911373668246799,
    1.1803751670505445,
    1.1803921189162818,
    1.1773498262275988,
    1.1565490066712116,
    1.1532594262088411
  ],
  "train_acc": [
    0.5899705014749262,
    2.359882005899705,
    3.4414945919370696,
    5.703048180924287,
    5.2114060963618485,
    10.816125860373647,
    11.406096361848574,
    14.257620452310718,
    15.339233038348082,
    18.977384464110127,
    20.64896755162242,
    25.27040314650934,
    26.64700098328417,
    29.400196656833824,
    32.055063913470995,
    35.10324483775811,
    37.46312684365782,
    40.117994100294986,
    41.19960668633235,
    44.739429695181904,
    45.91937069813176,
    50.34414945919371,
    53.392330383480825,
    54.27728613569322,
    58.30875122910521,
    60.57030481809243,
    62.045231071779746,
    61.35693215339233,
    66.56833824975418,
    66.07669616519173,
    67.84660766961652,
    70.99311701081612,
    71.976401179941,
    73.5496558505408,
    76.99115044247787,
    76.8928220255654,
    78.07276302851524,
    79.54768928220255,
    80.8259587020649,
    80.13765978367748,
    81.80924287118977,
    84.16912487708947,
    83.77581120943952,
    85.74237954768928,
    86.62733529990167,
    88.10226155358899,
    90.3638151425762,
    92.13372664700098,
    92.92035398230088,
    94.59193706981317,
    93.41199606686332,
    94.3952802359882,
    94.88692232055064,
    95.47689282202556,
    95.37856440511308,
    96.26352015732547,
    96.95181907571288,
    96.7551622418879,
    97.05014749262537,
    97.05014749262537,
    97.6401179941003,
    97.34513274336283
  ],
  "val_loss": [
    4.592020407625677,
    4.443487522533401,
    4.317511909783132,
    4.201276673210992,
    4.03386031158667,
    3.9050259962984564,
    3.8279583463943543,
    3.7048956592387134,
    3.645383235358407,
    3.512760236920643,
    3.5046377574465404,
    3.390607006755876,
    3.296616813282908,
    3.282325996783535,
    3.3369602852888067,
    3.228303400086768,
    3.132623015117253,
    3.083606345172772,
    3.026222178965439,
    3.0343004754541343,
    3.0103560867623536,
    3.0078342304308228,
    2.956252741715545,
    2.948877409161854,
    2.9398835902351412,
    2.919535334708759,
    2.889247023029092,
    2.874560625955401,
    2.9761920014526617,
    2.9590872668435053,
    2.855475761272289,
    2.902084660628205,
    2.911762692800765,
    2.882970674538318,
    2.9846345946621993,
    2.869253092832526,
    2.8579543686698003,
    2.837915196830844,
    2.869937145170361,
    2.804984316413785,
    2.9430123601921303,
    2.9025035032029014,
    2.8622405862612,
    2.8783477255346352,
    2.895135122071568,
    2.8362903428175814,
    2.805221198517599,
    2.923939453721537,
    2.8508626649409163,
    2.880084128046232,
    2.8939149595582436,
    2.9058991086826405,
    2.8744733431702287,
    2.883413826977765,
    2.8960860491780096,
    2.888364739869357,
    2.9088896125432395,
    2.922372117454623,
    2.904030385821935,
    2.885341581493739,
    2.8941550598223023,
    2.8822028215039412
  ],
  "val_acc": [
    4.11522633744856,
    2.4691358024691357,
    4.526748971193416,
    5.761316872427984,
    7.818930041152264,
    9.876543209876543,
    12.757201646090534,
    11.522633744855968,
    16.049382716049383,
    16.049382716049383,
    19.34156378600823,
    21.39917695473251,
    23.868312757201647,
    23.045267489711936,
    22.633744855967077,
    25.51440329218107,
    30.45267489711934,
    33.74485596707819,
    33.333333333333336,
    35.80246913580247,
    33.333333333333336,
    35.390946502057616,
    37.03703703703704,
    35.80246913580247,
    34.97942386831276,
    38.68312757201646,
    39.09465020576132,
    39.50617283950617,
    39.09465020576132,
    39.50617283950617,
    42.38683127572016,
    40.32921810699588,
    39.09465020576132,
    40.32921810699588,
    40.32921810699588,
    42.79835390946502,
    41.97530864197531,
    42.38683127572016,
    45.267489711934154,
    41.56378600823045,
    40.32921810699588,
    41.1522633744856,
    43.62139917695473,
    45.267489711934154,
    42.38683127572016,
    44.03292181069959,
    47.73662551440329,
    42.79835390946502,
    44.03292181069959,
    44.44444444444444,
    43.20987654320987,
    44.8559670781893,
    42.38683127572016,
    43.62139917695473,
    41.97530864197531,
    43.62139917695473,
    43.20987654320987,
    43.62139917695473,
    41.97530864197531,
    44.03292181069959,
    44.03292181069959,
    43.62139917695473
  ],
  "lr": [
    0.001,
    0.001,
    0.001,
    0.001,
    0.001,
    0.001,
    0.001,
    0.001,
    0.001,
    0.001,
    0.001,
    0.001,
    0.001,
    0.001,
    0.001,
    0.001,
    0.001,
    0.001,
    0.001,
    0.001,
    0.001,
    0.001,
    0.001,
    0.001,
    0.001,
    0.001,
    0.001,
    0.001,
    0.001,
    0.001,
    0.001,
    0.001,
    0.001,
    0.001,
    0.001,
    0.001,
    0.001,
    0.001,
    0.001,
    0.001,
    0.001,
    0.001,
    0.001,
    0.001,
    0.0005,
    0.0005,
    0.0005,
    0.0005,
    0.0005,
    0.0005,
    0.0005,
    0.0005,
    0.00025,
    0.00025,
    0.00025,
    0.00025,
    0.00025,
    0.00025,
    0.000125,
    0.000125,
    0.000125,
    0.000125
  ]
}