{
  "train_loss": [
    4.61055137789941,
    4.559975877741211,
    4.384214348732077,
    4.260070447255963,
    4.154985624311479,
    4.132508108163419,
    3.97412549148267,
    3.931604490870923,
    3.833607207357356,
    3.9147658512186747,
    3.7840123858775363,
    3.7236384700767644,
    3.5757762750458695,
    3.6120825974287185,
    3.4847540585809518,
    3.426759259890666,
    3.3804805372551363,
    3.467147243644167,
    3.33192383223227,
    3.2876552625860556,
    3.2643216214231567,
    3.2800621240891537,
    3.178133788244797,
    3.2035309726861376,
    3.155762765963169,
    2.951963736947659,
    3.0155018316023234,
    3.0773777324072613,
    3.039673532356555,
    2.7224994835717604,
    2.912799519189105,
    2.879387696115199,
    2.686586915684778,
    2.803500105380543,
    2.683079690239305,
    2.5739924234861,
    2.6026886918434586,
    2.6511622030826443,
    2.7463861147093795,
    2.650379035325177,
    2.6539062820704635,
    2.358365853158656,
    2.4314915620471877,
    2.293206910233699,
    2.4101136790381537,
    2.371910736155252,
    2.480306340295422,
    2.379018596726064,
    2.3189815956817146,
    2.3436014757747143,
    2.373034834275672,
    2.4054552296738825,
    2.348798496884934,
    2.1154694168030805,
    2.482429386943491,
    2.052257500449699,
    2.184962163163732,
    2.3330470334112117,
    2.187096811208284,
    1.8226451859713304,
    1.93398679404601,
    2.007031642816294,
    2.101706704558876,
    2.024667705054832,
    1.864867465451521,
    1.936900501874813,
    2.1822311581646328,
    2.002387330009288,
    2.087740089220518,
    1.8708601152650726,
    1.9403204161860599,
    2.0015002853633614,
    2.179351394272601,
    1.8723071440834562,
    2.057431659984495,
    1.869276961042466,
    1.5975736085409729,
    1.983700915423818,
    1.9004223339677209,
    1.8975273866569047,
    1.8187689849174598,
    1.774727382256687,
    2.0806994229525824,
    1.848737084173992,
    1.8998274887557578,
    1.6345667531942782,
    1.7544789088041968,
    1.603015332681474,
    1.8671099818444417,
    2.07654371948486,
    1.7772246847696596
  ],
  "train_acc": [
    0.983284169124877,
    2.359882005899705,
    2.949852507374631,
    3.5398230088495577,
    5.408062930186824,
    5.99803343166175,
    5.11307767944936,
    3.8348082595870205,
    6.489675516224189,
    9.537856440511307,
    7.276302851524091,
    12.192723697148477,
    11.307767944936087,
    12.291052114060964,
    10.521140609636184,
    11.897738446411013,
    12.88102261553589,
    10.22615535889872,
    17.404129793510325,
    15.535889872173058,
    14.454277286135694,
    14.257620452310718,
    12.782694198623402,
    17.699115044247787,
    19.86234021632252,
    16.027531956735498,
    25.860373647984268,
    22.22222222222222,
    21.14060963618486,
    24.582104228121928,
    31.858407079646017,
    23.107177974434613,
    29.69518190757129,
    19.075712881022614,
    32.54670599803343,
    18.3874139626352,
    28.41691248770895,
    30.48180924287119,
    26.548672566371682,
    35.10324483775811,
    35.39823008849557,
    36.08652900688299,
    35.004916420845625,
    30.186823992133725,
    29.400196656833824,
    39.13470993117011,
    29.20353982300885,
    34.31661750245821,
    38.15142576204523,
    35.59488692232055,
    34.11996066863323,
    42.08456243854474,
    34.90658800393314,
    45.624385447394296,
    26.450344149459195,
    40.21632251720747,
    36.57817109144543,
    44.44444444444444,
    30.580137659783677,
    37.46312684365782,
    41.19960668633235,
    41.396263520157326,
    42.57620452310718,
    50.442477876106196,
    38.93805309734513,
    39.72468043264504,
    36.7748279252704,
    43.36283185840708,
    34.90658800393314,
    47.984267453294,
    40.31465093411996,
    35.2015732546706,
    44.14945919370698,
    39.33136676499508,
    34.90658800393314,
    46.4110127826942,
    50.63913470993117,
    48.47590953785644,
    46.607669616519175,
    50.442477876106196,
    47.68928220255654,
    42.08456243854474,
    32.84169124877089,
    50.34414945919371,
    39.823008849557525,
    49.95083579154375,
    54.670599803343165,
    39.13470993117011,
    35.299901671583086,
    43.1661750245821,
    46.50934119960669
  ],
  "val_loss": [
    4.6010537500734685,
    4.453447810906932,
    4.270665963490804,
    4.134149720148785,
    4.072573884524435,
    3.9347959025897117,
    3.843828976399614,
    3.7851252624527416,
    3.711898073738004,
    3.6703262309478633,
    3.5657672479810048,
    3.5416238827960482,
    3.5082781815234525,
    3.4239079088831144,
    3.4151331250069075,
    3.347777470639704,
    3.2187543984793834,
    3.2679916880258317,
    3.2064870502723095,
    3.2018205314997292,
    3.1445605960893044,
    3.1851927086159035,
    3.0781079408072642,
    3.0518604894724404,
    3.072527871700962,
    2.9847897776850947,
    3.018861704893073,
    2.881006413526496,
    2.97519369184235,
    2.8229701568069774,
    2.8772243070013728,
    2.886274517318349,
    2.802948275711311,
    2.8559374809265137,
    2.740666785848484,
    2.758780415656635,
    2.7108371355896623,
    2.68178832481918,
    2.738753426712727,
    2.7349445103617853,
    2.7022929358384244,
    2.673450209966903,
    2.7389901351536254,
    2.729680808973901,
    2.597154583950592,
    2.6521120895574124,
    2.688308099660363,
    2.5664583057042503,
    2.629588668729052,
    2.5911018720870156,
    2.565957815068249,
    2.552705576390396,
    2.5992936666119735,
    2.5004907890602395,
    2.6382604999306762,
    2.6201092039116127,
    2.559409284787904,
    2.5740012131600714,
    2.528937418274428,
    2.543423595742434,
    2.5314799012470637,
    2.583836834126539,
    2.499573703655981,
    2.511680388156279,
    2.4712850399959234,
    2.432231330086665,
    2.5005485442440207,
    2.454346328115267,
    2.470102478937848,
    2.507633986296477,
    2.437567022111681,
    2.455330528840116,
    2.476418785597562,
    2.4451592537601297,
    2.458336129600619,
    2.4410688886917176,
    2.447914685732053,
    2.462225223274388,
    2.4684276266843694,
    2.4568199483455455,
    2.4455838586077276,
    2.4410206574961975,
    2.4457150261097973,
    2.451576327100212,
    2.467027993849766,
    2.4530920688016913,
    2.4352296428915894,
    2.4562080760061007,
    2.459889871102792,
    2.4568269390137596,
    2.4481686741236306
  ],