{
  "train_loss": [
    4.60455391986063,
    4.515536576949038,
    4.3492303991739725,
    4.198249391632681,
    4.171105923085321,
    4.016482626090711,
    4.031002785955558,
    3.91412700593999,
    3.9004895801975548,
    3.8275256110034745,
    3.749881857381575,
    3.7313933048979724,
    3.605257416193464,
    3.476076023885751,
    3.5054525714825506,
    3.413982633058066,
    3.311121459555837,
    3.2339014812439477,
    3.23891571395634,
    3.202129763019003,
    3.1151104121081596,
    3.0794740267090623,
    3.118490588582957,
    3.0576361421286884,
    3.1212002696540857,
    3.0307002304343467,
    3.065168124970668,
    2.8357486349760372,
    2.7621809669652166,
    2.756137701614065,
    2.6936951058686893,
    2.678786246825812,
    2.7774049773914857,
    2.6307154414459197,
    2.8192268576007793,
    2.60691241317794,
    2.8230002685985736,
    2.479077711921174,
    2.652005813818062,
    2.6436548012665004,
    2.6742449866400824,
    2.459955845610582,
    2.6349270407077485,
    2.3138793528724677,
    2.4890050890405857,
    2.3863534097474584,
    2.3774925094086865,
    2.1406476634793576,
    2.5188287471951285,
    2.25659293457939,
    2.241290334403339,
    2.063477319015983,
    2.321782185264745,
    2.263245630170509,
    2.345469572551131,
    2.248250846665869,
    2.15091707901031,
    2.2030627096883197,
    2.226445008168178,
    2.363509765768473,
    2.2114395917106635,
    1.980779249290684,
    1.8584119116662174,
    2.1877841384478844,
    2.0345583275004473,
    1.9694242986137067,
    2.060826711363966,
    1.9698488725204617,
    1.9062607417298865,
    2.304796159912117,
    2.2431912848848627,
    2.0012537941937367,
    1.8116450036638723,
    1.6425038469458986,
    1.9564138288694848,
    1.9329113263999467,
    2.193837496383352,
    1.747513204549266,
    1.6723425006210042,
    1.7107041512735943,
    1.741764055006389
  ],
  "train_acc": [
    0.983284169124877,
    2.4582104228121926,
    1.4749262536873156,
    3.933136676499508,
    3.146509341199607,
    5.11307767944936,
    3.2448377581120944,
    5.703048180924287,
    5.899705014749262,
    8.16125860373648,
    8.456243854473943,
    6.784660766961652,
    12.586037364798427,
    10.32448377581121,
    8.357915437561456,
    13.667649950835791,
    12.094395280235988,
    10.914454277286136,
    17.207472959685347,
    19.37069813176008,
    14.15929203539823,
    21.43559488692232,
    20.45231071779744,
    20.058997050147493,
    14.945919370698132,
    19.469026548672566,
    21.04228121927237,
    18.485742379547688,
    12.979351032448378,
    19.174041297935105,
    26.548672566371682,
    28.22025565388397,
    23.303834808259587,
    21.337266470009833,
    28.613569321533923,
    24.680432645034415,
    30.48180924287119,
    12.094395280235988,
    28.71189773844641,
    15.437561455260571,
    32.743362831858406,
    34.414945919370695,
    27.13864306784661,
    35.299901671583086,
    33.43166175024582,
    31.858407079646017,
    33.43166175024582,
    22.4188790560472,
    37.65978367748279,
    25.958702064896755,
    43.657817109144545,
    25.76204523107178,
    41.396263520157326,
    30.285152409046216,
    30.088495575221238,
    39.03638151425762,
    41.29793510324484,
    38.249754178957716,
    36.87315634218289,
    21.04228121927237,
    43.1661750245821,
    50.73746312684366,
    38.4464110127827,
    46.70599803343166,
    40.511307767944935,
    44.64110127826942,
    32.35004916420846,
    40.117994100294986,
    48.279252704031464,
    42.379547689282205,
    41.5929203539823,
    35.49655850540806,
    42.87118977384464,
    46.607669616519175,
    35.299901671583086,
    40.0196656833825,
    41.98623402163225,
    40.60963618485742,
    34.31661750245821,
    31.76007866273353,
    38.05309734513274
  ],
  "val_loss": [
    4.577217553378133,
    4.359016277171947,
    4.202156441692463,
    4.149669068340412,
    3.998068440598225,
    3.9297234236948775,
    3.925830770421911,
    3.800057249304689,
    3.7428593380461015,
    3.6835565017574607,
    3.6474461457366316,
    3.593148125542535,
    3.5345730369473682,
    3.486645320805993,
    3.4296820036177773,
    3.380187840128141,
    3.295282506157832,
    3.3319973965240606,
    3.2590853108300104,
    3.2822662351553333,
    3.211465587341246,
    3.0872356028223233,
    3.1191367092446534,
    3.1101759716316506,
    3.073508210633517,
    3.081801275166955,
    2.9631253544685774,
    3.017831448174308,
    2.9122023837556563,
    2.9680483557069253,
    2.8046110372975037,
    2.884164437345026,
    2.8549923504330983,
    2.8412839865978854,
    2.8268966861222506,
    2.7759082886417215,
    2.766514874289556,
    2.7607506381140814,
    2.748596816396517,
    2.8160153799096252,
    2.7731558903745173,
    2.734619147493025,
    2.708774072152597,
    2.8084882806848595,
    2.832745668819412,
    2.712271185078248,
    2.693167093849967,
    2.7063632178208463,
    2.669848070223145,
    2.625243575484664,
    2.596746054205875,
    2.579926832222644,
    2.5281937436311823,
    2.6228108877017173,
    2.596923979221548,
    2.6562349894409807,
    2.604768203609765,
    2.5512205239676646,
    2.550310211417116,
    2.5554820716135787,
    2.590561866760254,
    2.58121795615051,
    2.6035128110720787,
    2.5981582260916753,
    2.568127767539319,
    2.4924601193808726,
    2.5454537299434836,
    2.530323186529026,
    2.530720084782981,
    2.532588372014678,
    2.534887395277926,
    2.519774952052552,
    2.5282972575215155,
    2.5049605497116905,
    2.5277195997198914,
    2.540129754768968,
    2.502325044247349,
    2.5137399489006387,
    2.505137333654082,
    2.5032412407329545,
    2.499205870883455
  ],
  "val_acc": [
    2.05761316872428,
    6.584362139917696,
    5.761316872427984,
    4.11522633744856,
    6.172839506172839,
    8.641975308641975,
    10.699588477366255,
    12.757201646090534,
    13.991769547325102,
    15.22633744855967,
    14.40329218106996,
    18.106995884773664,
    19.34156378600823,
    19.753086419753085,
    21.39917695473251,
    24.691358024691358,
    25.51440329218107,
    24.279835390946502,
    24.279835390946502,
    24.279835390946502,
    25.51440329218107,
    31.275720164609055,
    30.864197530864196,
    29.62962962962963,
    30.45267489711934,
    32.510288065843625,
    32.92181069958848,
    34.5679012345679,
    35.80246913580247,
    35.390946502057616,
    41.56378600823045,
    38.68312757201646,
    37.03703703703704,
    39.91769547325103,
    36.62551440329218,
    42.38683127572016,
    37.44855967078189,
    39.50617283950617,
    40.32921810699588,
    43.62139917695473,
    41.97530864197531,
    42.79835390946502,
    44.44444444444444,
    39.91769547325103,
    38.68312757201646,
    41.56378600823045,
    40.32921810699588,
    41.97530864197531,
    44.03292181069959,
    46.50205761316872,
    46.09053497942387,
    47.325102880658434,
    49.382716049382715,
    47.73662551440329,
    47.73662551440329,
    45.267489711934154,
    48.148148148148145,
    49.794238683127574,
    48.148148148148145,
    47.325102880658434,
    48.97119341563786,
    47.73662551440329,
    47.325102880658434,
    47.325102880658434,
    48.148148148148145,
    51.02880658436214,
    46.91358024691358,
    47.73662551440329,
    49.794238683127574,
    50.617283950617285,
    46.50205761316872,
    49.382716049382715,
    49.382716049382715,
    51.02880658436214,
    49.382716049382715,
    49.794238683127574,
    50.205761316872426,
    48.97119341563786,
    49.382716049382715,
    51.02880658436214,
    51.02880658436214
  ],