{
  "train_loss": [
    4.606969181649688,
    4.543340859277175,
    4.42101404542651,
    4.3198557153212285,
    4.159809748331706,
    4.094134608787304,
    4.040799380989787,
    3.9453723001620764,
    3.8528254531477755,
    3.7781682377836816,
    3.716803217590617,
    3.6120980071927713,
    3.717864899274288,
    3.5303275814919113,
    3.4988385215035347,
    3.464743003732687,
    3.4491379896330856,
    3.3382032142627907,
    3.2819828830051327,
    3.3667711829482747,
    3.1610424298217983,
    3.1525003624056174,
    3.056665161249091,
    3.2120520419192995,
    3.0178305586999614,
    2.963217175932878,
    3.19793992384814,
    3.0050903198876093,
    3.060679362117951,
    2.7561647730239374,
    3.017693671505008,
    2.922971981230504,
    2.6874957647295474,
    2.804294618064558,
    2.7156347271967074,
    2.480970265942689,
    2.630995164578643,
    2.630471124058276,
    2.3803751902359895,
    2.22806595665867,
    2.6425106564102623,
    2.3398160697670694,
    2.605336511498473,
    2.3897257273176074,
    2.292057912258272,
    2.1238899899091694,
    2.2878410756412157,
    2.169940350447198,
    2.541118872200845,
    2.417071911672106,
    2.373003063417583,
    2.125412195481382,
    2.2052073785806243,
    2.095052974296765,
    1.9278811458992746,
    2.1761756535242207,
    2.544868193779254,
    2.348609881180695,
    2.1016502771874563,
    2.0452128361577246,
    1.9638921115016281,
    2.346613784338052,
    1.9918585151814898,
    1.9937214084782784,
    2.0254578447388805,
    1.9982629824528653,
    2.0823461418658233,
    1.9989043946580314,
    1.9302831905781344,
    2.011235900567579,
    1.9685000446107652,
    1.7621444174204839,
    1.9692691143752317,
    2.1980467291590973,
    2.0425776441305903
  ],
  "train_acc": [
    0.8849557522123894,
    2.0648967551622417,
    2.2615535889872174,
    2.1632251720747298,
    3.8348082595870205,
    4.129793510324483,
    5.6047197640118,
    8.947885939036382,
    5.801376597836775,
    9.734513274336283,
    8.751229105211406,
    11.60275319567355,
    11.307767944936087,
    11.897738446411013,
    9.83284169124877,
    12.487708947885938,
    11.60275319567355,
    12.586037364798427,
    10.521140609636184,
    17.305801376597838,
    16.32251720747296,
    21.43559488692232,
    17.895771878072765,
    16.224188790560472,
    14.060963618485742,
    21.14060963618486,
    21.337266470009833,
    18.09242871189774,
    26.64700098328417,
    22.71386430678466,
    22.22222222222222,
    22.71386430678466,
    25.958702064896755,
    30.285152409046216,
    29.793510324483776,
    20.64896755162242,
    21.632251720747295,
    37.36479842674533,
    39.528023598820056,
    40.806293018682396,
    22.910521140609635,
    38.544739429695184,
    31.661750245821043,
    25.565388397246803,
    38.249754178957716,
    39.33136676499508,
    40.0196656833825,
    35.10324483775811,
    39.03638151425762,
    39.823008849557525,
    28.515240904621436,
    24.48377581120944,
    47.00098328416912,
    34.11996066863323,
    43.95280235988201,
    43.55948869223206,
    40.31465093411996,
    32.64503441494592,
    35.59488692232055,
    37.06981317600787,
    46.11602753195674,
    41.49459193706981,
    44.64110127826942,
    45.13274336283186,
    55.55555555555556,
    42.08456243854474,
    41.88790560471976,
    37.06981317600787,
    37.561455260570305,
    35.79154375614553,
    35.39823008849557,
    36.08652900688299,
    33.726647000983284,
    25.36873156342183,
    41.00294985250738
  ],
  "val_loss": [
    4.591696342813625,
    4.472935631441972,
    4.310893323686388,
    4.179248307467488,
    4.066760170116346,
    3.946889571201654,
    3.9216178788079157,
    3.8343450993667414,
    3.808935990549409,
    3.6901474077515153,
    3.595222233744806,
    3.5957109241328613,
    3.5001200314902476,
    3.5797262132903676,
    3.3879029476102978,
    3.329116272828216,
    3.348388779801106,
    3.2743317649197676,
    3.236462203563486,
    3.2278268690462464,
    3.1425471070372026,
    3.109690818276425,
    3.1570970462673484,
    3.117642682275654,
    3.020591184435558,
    2.9371787187003306,
    2.9891095701068515,
    2.914303604957989,
    2.917246489858431,
    2.989011268066281,
    2.8614497125884633,
    2.834867444058014,
    2.895211171711423,
    2.8295183476106622,
    2.784650254151458,
    2.78675628002779,
    2.8085344210573675,
    2.7053131380198914,
    2.7331829012176136,
    2.6587634547747703,
    2.6929640534483354,
    2.636950080777392,
    2.6734279870005793,
    2.6321171860636015,
    2.605717668808046,
    2.5898840103620366,
    2.643096070230743,
    2.602971828523487,
    2.6349522459163586,
    2.6200429824154075,
    2.6419214319299766,
    2.5573528215227794,
    2.548804938547896,
    2.5583835835319486,
    2.5266998491169494,
    2.561924499739345,
    2.5467370576819275,
    2.541678477707223,
    2.542608090388922,
    2.514341804716322,
    2.546444143287439,
    2.5307530876049777,
    2.5220690352435957,
    2.53523755171662,
    2.526357273996612,
    2.5456994413838956,
    2.5383941744580683,
    2.526676180921955,
    2.5212663652474987,
    2.525421547791595,
    2.521549136550338,
    2.5265045264130266,
    2.5293944657094194,
    2.5200038888326888,
    2.500707334942288
  ],
  "val_acc": [
    1.646090534979424,
    2.880658436213992,
    5.761316872427984,
    5.761316872427984,
    5.761316872427984,
    7.818930041152264,
    7.407407407407407,
    9.053497942386832,
    12.345679012345679,
    13.580246913580247,
    15.637860082304528,
    17.695473251028808,
    18.51851851851852,
    16.872427983539094,
    23.868312757201647,
    23.45679012345679,
    22.633744855967077,
    25.925925925925927,
    26.74897119341564,
    26.74897119341564,
    28.395061728395063,
    30.45267489711934,
    29.62962962962963,
    30.864197530864196,
    34.5679012345679,
    35.390946502057616,
    36.62551440329218,
    36.21399176954733,
    35.390946502057616,
    33.333333333333336,
    42.38683127572016,
    39.09465020576132,
    34.97942386831276,
    39.09465020576132,
    36.62551440329218,
    39.50617283950617,
    42.38683127572016,
    44.03292181069959,
    44.03292181069959,
    44.8559670781893,
    43.62139917695473,
    44.8559670781893,
    43.62139917695473,
    43.62139917695473,
    48.148148148148145,
    46.09053497942387,
    44.44444444444444,
    44.8559670781893,
    44.03292181069959,
    44.44444444444444,
    42.79835390946502,
    45.267489711934154,
    46.91358024691358,
    45.67901234567901,
    49.382716049382715,
    47.73662551440329,
    47.73662551440329,
    46.91358024691358,
    48.148148148148145,
    50.617283950617285,
    46.09053497942387,
    46.91358024691358,
    48.559670781893004,
    49.794238683127574,
    47.325102880658434,
    48.559670781893004,
    50.205761316872426,
    50.617283950617285,
    48.97119341563786,
    48.148148148148145,
    48.97119341563786,
    48.97119341563786,
    49.382716049382715,
    49.382716049382715,
    50.205761316872426
  ],