{
  "train_loss": [
    4.606974896193723,
    4.5681611223323975,
    4.349898200471141,
    4.128163840801197,
    3.9746699579345792,
    3.868629521911006,
    3.789478108360118,
    3.653225000394598,
    3.5865612892743526,
    3.5122479834505005,
    3.425094758045943,
    3.316918454221802,
    3.227177605399223,
    3.175458597222612,
    3.102570774046486,
    3.0140003829813518,
    2.9637065972315995,
    2.8580893553580977,
    2.8154716072063763,
    2.768479599713576,
    2.6986985349608266,
    2.642749359005203,
    2.5719312191478387,
    2.5580705813367577,
    2.4939055864789843,
    2.4572581513441416,
    2.415649174706188,
    2.371147233593546,
    2.316587798832206,
    2.243520014171169,
    2.2202855169245628,
    2.168528837205855,
    2.1504989113427895,
    2.1079124445526065,
    2.1053712961127506,
    2.037370715989945,
    1.9912368653446524,
    1.9708337640809215,
    1.9086766836096989,
    1.9315332137963999,
    1.871359660210511,
    1.82520315475989,
    1.7718986414643985,
    1.7647418206889134,
    1.723705624174345,
    1.691235325681073,
    1.7046399683844493,
    1.6661665357554087,
    1.6275972996489487,
    1.6133387159105599,
    1.5786788576120472,
    1.5988563358959547,
    1.5166951784810954,
    1.451572985775703,
    1.4220195119008203,
    1.400219924213143,
    1.372148450614194,
    1.362025999507135,
    1.3728080648002137,
    1.342429926965089,
    1.3060088185785794,
    1.3141331607027158,
    1.2853926426072622,
    1.263770871926667,
    1.2752135157467928,
    1.2731601369064467,
    1.2576677127573694,
    1.2620069497688917,
    1.2446114784848374,
    1.2409272862043352,
    1.2255875698584722,
    1.2290820484667753,
    1.2178179945800391,
    1.2185625508354359,
    1.2265579866917553,
    1.21416030743598,
    1.2015103327958399,
    1.216090036352827,
    1.217213404331001,
    1.2051095139663832,
    1.2148976798371696,
    1.2094603503817067,
    1.2148168544150384,
    1.2042412352304075,
    1.210714895582246,
    1.188956940303041,
    1.2109797311509019,
    1.219321639254147,
    1.1791333972880271,
    1.1919487967955327,
    1.1841239924510554,
    1.185875910573301,
    1.2032667069074092,
    1.1683803637353603,
    1.1855489319170236,
    1.1956666208649807,
    1.184498919849902,
    1.1830683783678413
  ],
  "train_acc": [
    1.27826941986234,
    2.6548672566371683,
    2.949852507374631,
    5.506391347099312,
    7.472959685349066,
    9.83284169124877,
    9.734513274336283,
    12.586037364798427,
    15.044247787610619,
    15.044247787610619,
    17.404129793510325,
    20.353982300884955,
    24.09046214355949,
    24.48377581120944,
    25.467059980334316,
    29.49852507374631,
    31.071779744346117,
    32.448377581120944,
    33.726647000983284,
    38.74139626352016,
    37.85644051130777,
    40.21632251720747,
    43.1661750245821,
    42.772861356932154,
    45.42772861356932,
    45.72271386430678,
    49.164208456243855,
    50.54080629301868,
    51.62241887905605,
    55.35889872173058,
    56.8338249754179,
    57.42379547689282,
    57.620452310717795,
    61.455260570304816,
    59.193706981317604,
    62.14355948869223,
    63.52015732546706,
    64.99508357915438,
    69.41986234021633,
    65.48672566371681,
    67.1583087512291,
    70.69813176007867,
    73.94296951819075,
    72.07472959685349,
    74.23795476892822,
    76.20452310717798,
    76.007866273353,
    76.7944936086529,
    78.26941986234021,
    79.84267453294002,
    81.61258603736479,
    79.64601769911505,
    84.070796460177,
    86.4306784660767,
    86.92232055063913,
    88.20058997050147,
    90.3638151425762,
    89.5771878072763,
    89.87217305801377,
    90.85545722713864,
    91.93706981317601,
    91.44542772861357,
    93.11701081612586,
    94.49360865290069,
    92.7236971484759,
    93.6086529006883,
    93.90363815142577,
    93.70698131760079,
    95.18190757128811,
    95.37856440511308,
    94.69026548672566,
    95.37856440511308,
    95.87020648967551,
    96.16519174041298,
    95.08357915437561,
    95.47689282202556,
    96.26352015732547,
    95.77187807276303,
    95.77187807276303,
    96.55850540806293,
    94.88692232055064,
    95.57522123893806,
    95.968534906588,
    95.77187807276303,
    96.36184857423795,
    96.7551622418879,
    95.87020648967551,
    95.67354965585054,
    96.8534906588004,
    96.7551622418879,
    96.36184857423795,
    96.8534906588004,
    96.16519174041298,
    96.95181907571288,
    96.7551622418879,
    96.55850540806293,
    96.65683382497542,
    96.8534906588004
  ],
  "val_loss": [
    4.601966206428936,
    4.457802093568652,
    4.240795141384925,
    4.079437677752334,
    3.9898016541092485,
    3.8432966328452154,
    3.7637345928223533,
    3.7104505884303967,
    3.614174746682124,
    3.5475491800425965,
    3.4865286772143205,
    3.441779593871945,
    3.371256614418187,
    3.3562696294038874,
    3.26811481012729,
    3.291754191795004,
    3.234474426434364,
    3.2212519851731667,
    3.262523872862137,
    3.2176994855511825,
    3.1421634287500577,
    3.1900029594515575,
    3.2508275891527716,
    3.1466470333774392,
    3.077913682647203,
    3.1512967019414706,
    3.080043771139388,
    3.118036632184629,
    3.0927603244781494,
    3.0864295086252347,
    3.0910776554311745,
    3.0512806741298473,
    3.037986869184078,
    3.0431208492797097,
    3.0687884734981834,
    2.9721878281346075,
    3.0474092548276173,
    3.1006320504004083,
    3.0085176617029763,
    3.043722757096153,
    3.1125305905754184,
    3.0895176473468418,
    3.019230189146819,
    3.0005396354345626,
    3.007495929184274,
    2.989225146211224,
    2.9992175592807095,
    2.984604972870752,
    2.9707912025137695,
    3.0453517093579956,
    3.05571127820898,
    3.0319179880275646,
    2.9614051575523344,
    2.9706627841839572,
    2.9846246036482444,
    3.0388244405204867,
    2.98130765962012,
    3.0162567336863453,
    2.990068800655412,
    2.9880219565497503,
    2.94712017004382,
    2.9463071577833513,
    2.9377613656314803,
    2.9621272263703524,
    2.9439579596735324,
    2.966012353269161,
    2.9648989218252675,
    2.9500206390035495,
    2.9366914804089705,
    2.9428696024074474,
    2.9226899156845154,
    2.9247641367186246,
    2.9208575492042574,
    2.9138395609679044,
    2.8943230055977778,
    2.918031221554603,
    2.923648519280516,
    2.9140906284866017,
    2.917807371037487,
    2.914453894022561,
    2.9122100131501876,
    2.9079004648781606,
    2.901739857324357,
    2.9023342230683,
    2.898738171338054,
    2.9107487613772167,
    2.901511217831584,
    2.915736373069355,
    2.924270020590888,
    2.922093697536139,
    2.9218390880788796,
    2.9107026720243225,
    2.9166301454536216,
    2.9139781106156084,
    2.9155026993143216,
    2.9211251686629933,
    2.921507801048059,
    2.9204060373973455
  ],