{
  "train_loss": [
    4.610031459418253,
    4.569890621020262,
    4.369836453725689,
    4.209792101981014,
    4.0938399538998524,
    3.9686947065820384,
    3.890830722881981,
    3.778180678451073,
    3.648949576221267,
    3.5813396481051676,
    3.474796329393265,
    3.4118121495523517,
    3.3411510806519726,
    3.2782394860229194,
    3.1808735754637594,
    3.079899622861849,
    3.0095922524950147,
    2.9474815640126004,
    2.8797150103626232,
    2.78135088974044,
    2.748987278052136,
    2.6387636466949975,
    2.617313162298212,
    2.5218436821137673,
    2.4820251567994362,
    2.4431986023425587,
    2.400562357175784,
    2.3284340176727687,
    2.3221894900004068,
    2.2166301226545575,
    2.177441039033813,
    2.108116627677235,
    2.0998895074531156,
    2.089106241627546,
    2.0450544945727174,
    1.9389488385255826,
    1.9023217275782673,
    1.8850485766297362,
    1.8617002191562333,
    1.8295205621709982,
    1.7621295324351818,
    1.66759107469223,
    1.6666643863347896,
    1.6200851423550495,
    1.5707995127318766,
    1.5634085421716921,
    1.5406758909497407,
    1.506371284187602,
    1.4897522058927672,
    1.477605251904903,
    1.4468113198041213,
    1.4343396897630118,
    1.4056467995882738,
    1.440238907508325,
    1.4098219099063554,
    1.420417462829995,
    1.3962586045616847,
    1.3695442444455308,
    1.3660260899580334,
    1.3751549322227696,
    1.3657256972004412,
    1.3541007984352675,
    1.3524491022704508,
    1.333384525928291,
    1.323715549420232,
    1.3246164068711543,
    1.302486567253443,
    1.310695264543404,
    1.3121493773474455,
    1.28394873350888,
    1.2741302177969334,
    1.2883932942134442,
    1.2840234916822044,
    1.2909433825294998,
    1.2724608996390359
  ],
  "train_acc": [
    1.0816125860373649,
    2.8515240904621435,
    4.031465093411996,
    4.916420845624385,
    5.899705014749262,
    6.882989183874139,
    8.259587020648967,
    11.11111111111111,
    13.077679449360865,
    14.060963618485742,
    17.99410029498525,
    18.485742379547688,
    20.45231071779744,
    21.632251720747295,
    26.15535889872173,
    27.236971484759096,
    30.383480825958703,
    32.055063913470995,
    33.43166175024582,
    38.15142576204523,
    38.4464110127827,
    43.067846607669615,
    42.96951819075713,
    46.4110127826942,
    47.39429695181907,
    48.37758112094395,
    49.45919370698132,
    53.097345132743364,
    53.19567354965585,
    57.12881022615536,
    57.620452310717795,
    62.733529990167156,
    60.96361848574238,
    61.35693215339233,
    63.91347099311701,
    67.1583087512291,
    68.53490658800393,
    69.81317600786628,
    68.04326450344149,
    71.976401179941,
    75.41789577187808,
    78.85939036381514,
    77.08947885939037,
    79.35103244837758,
    81.61258603736479,
    82.00589970501476,
    84.070796460177,
    85.15240904621436,
    86.13569321533923,
    86.72566371681415,
    87.70894788593904,
    88.20058997050147,
    89.18387413962635,
    88.88888888888889,
    88.7905604719764,
    88.69223205506391,
    89.77384464110128,
    91.34709931170109,
    90.26548672566372,
    89.87217305801377,
    91.83874139626352,
    91.64208456243854,
    91.15044247787611,
    90.95378564405114,
    91.74041297935104,
    92.52704031465093,
    93.01868239921338,
    92.23205506391348,
    92.7236971484759,
    93.21533923303835,
    93.6086529006883,
    93.6086529006883,
    93.90363815142577,
    92.8220255653884,
    93.90363815142577
  ],
  "val_loss": [
    4.598628456209913,
    4.486439055376092,
    4.28079214998724,
    4.172170154351757,
    4.081980528654875,
    3.990865141275979,
    3.897826495975133,
    3.7652523125150075,
    3.71572694072017,
    3.666763964994454,
    3.5987645294440624,
    3.5280737729720126,
    3.4983236632719943,
    3.3991821616765403,
    3.4173419436309564,
    3.3831298694689087,
    3.330139181741471,
    3.308204926581049,
    3.2490914711736356,
    3.1766039334206915,
    3.2024643617402377,
    3.1414031001275458,
    3.1740487789420926,
    3.0847103389692894,
    3.0875038757245727,
    3.110461348859371,
    3.080552942958879,
    3.0734231913531267,
    3.051949078163492,
    2.9673895364926186,
    3.0448984099023138,
    2.9639159298728033,
    2.9870752130516274,
    2.940508293026269,
    2.910244041019016,
    2.8985493673709195,
    2.8911697305279014,
    2.917517120455518,
    2.886556427174635,
    2.9306867966436063,
    2.823319206512514,
    2.8460549591990656,
    2.8791668169782976,
    2.8164245660412948,
    2.851787017696679,
    2.86816254859108,
    2.8403310658019265,
    2.859995649675283,
    2.855503088162269,
    2.8618164523638816,
    2.8445398993943454,
    2.8468958183571145,
    2.851723949605055,
    2.862408314222171,
    2.8687258885230547,
    2.8237905472884943,
    2.8683001867537636,
    2.862760130760601,
    2.8523005075415466,
    2.8408710976196416,
    2.856259108570868,
    2.8287114400431945,
    2.8474052197648665,
    2.831007115634871,
    2.8189091643188227,
    2.8415235766658076,
    2.8554862418783054,
    2.8630275883301786,
    2.8259438467614446,
    2.816479372880096,
    2.836463123682595,
    2.8436179033522744,
    2.8343740961679216,
    2.8314523441801347,
    2.8231700418417347
  ],
  "val_acc": [
    1.2345679012345678,
    3.292181069958848,
    4.938271604938271,
    6.584362139917696,
    6.995884773662551,
    6.995884773662551,
    8.641975308641975,
    12.345679012345679,
    11.522633744855968,
    14.814814814814815,
    17.28395061728395,
    17.28395061728395,
    18.106995884773664,
    22.633744855967077,
    23.045267489711936,
    20.5761316872428,
    26.337448559670783,
    24.691358024691358,
    25.102880658436213,
    27.983539094650205,
    26.74897119341564,
    30.864197530864196,
    29.62962962962963,
    35.390946502057616,
    34.15637860082305,
    32.098765432098766,
    34.97942386831276,
    32.510288065843625,
    33.74485596707819,
    38.68312757201646,
    36.62551440329218,
    37.86008230452675,
    40.74074074074074,
    42.38683127572016,
    39.09465020576132,
    41.97530864197531,
    41.97530864197531,
    41.56378600823045,
    39.50617283950617,
    40.74074074074074,
    44.03292181069959,
    45.267489711934154,
    43.20987654320987,
    41.97530864197531,
    44.44444444444444,
    41.97530864197531,
    44.03292181069959,
    43.62139917695473,
    44.8559670781893,
    45.267489711934154,
    46.09053497942387,
    45.67901234567901,
    44.44444444444444,
    44.44444444444444,
    45.267489711934154,
    44.8559670781893,
    46.50205761316872,
    45.267489711934154,
    47.325102880658434,
    48.97119341563786,
    48.148148148148145,
    46.91358024691358,
    46.91358024691358,
    45.267489711934154,
    45.267489711934154,
    46.91358024691358,
    46.91358024691358,
    46.50205761316872,
    47.325102880658434,
    46.50205761316872,
    47.73662551440329,
    47.73662551440329,
    48.97119341563786,
    47.325102880658434,
    48.148148148148145
  ],