{
  "train_loss": [
    4.607939128444375,
    4.5519475749343075,
    4.381906101954487,
    4.196569038117295,
    3.9760100698517955,
    3.8956954059582074,
    3.796230340074297,
    3.6938607559091574,
    3.57301516448502,
    3.474836336593478,
    3.4019577163276185,
    3.307280735514743,
    3.2545516776944803,
    3.1498198537348294,
    3.0644438937233143,
    2.9691488531838477,
    2.9185834186501443,
    2.8568816170931566,
    2.7660494469611696,
    2.7152181307005905,
    2.6255954884967037,
    2.5842299240997524,
    2.472426916176825,
    2.508696189203328,
    2.4264914855844504,
    2.397248907192384,
    2.3320268267141095,
    2.2993841581522774,
    2.22434721677587,
    2.185306049963952,
    2.1849837643089782,
    2.1437774675082317,
    2.0854754494823653,
    2.0257379448402126,
    1.9814984875794357,
    1.9504357143840958,
    1.9182392831162833,
    1.9218182839240765,
    1.8774082876353606,
    1.8479670575703608,
    1.8399409614833055,
    1.7709198731822837,
    1.7108474692060534,
    1.7071286033154003,
    1.7382114613419555,
    1.6771464868281092,
    1.672286675039646,
    1.6244144224018708,
    1.6258211768833937,
    1.5841870114514962,
    1.5787289255136585,
    1.5244312605206125,
    1.547043639181169,
    1.5120518922571353,
    1.491653401357,
    1.4993170444709831,
    1.4931388154494023,
    1.4185570038877053,
    1.4375162206685415,
    1.4531478138682647,
    1.392384690169388,
    1.3566505006398188,
    1.327642057732026,
    1.2855804346304025,
    1.2804083445548073,
    1.2809022400114272,
    1.269626681197475,
    1.2342654678791087,
    1.2339778123469245
  ],
  "train_acc": [
    0.5899705014749262,
    2.55653883972468,
    3.6381514257620453,
    6.391347099311701,
    9.341199606686333,
    7.669616519174041,
    9.43952802359882,
    12.389380530973451,
    14.650934119960668,
    17.10914454277286,
    19.567354965585054,
    21.730580137659782,
    23.59882005899705,
    24.48377581120944,
    26.057030481809242,
    29.596853490658802,
    32.25172074729597,
    35.889872173058016,
    37.65978367748279,
    37.75811209439528,
    41.98623402163225,
    41.789577187807275,
    45.329400196656835,
    45.03441494591937,
    49.06588003933137,
    48.37758112094395,
    51.62241887905605,
    51.52409046214356,
    56.24385447394297,
    55.063913470993114,
    56.8338249754179,
    57.227138643067846,
    59.9803343166175,
    63.42182890855457,
    64.60176991150442,
    66.3716814159292,
    66.56833824975418,
    67.64995083579154,
    68.04326450344149,
    69.91150442477876,
    68.82989183874139,
    73.5496558505408,
    75.12291052114061,
    76.49950835791543,
    75.22123893805309,
    76.7944936086529,
    77.77777777777777,
    80.33431661750245,
    78.36774827925271,
    79.74434611602753,
    80.62930186823992,
    83.1858407079646,
    82.3992133726647,
    82.59587020648968,
    84.85742379547689,
    84.36578171091445,
    84.56243854473944,
    87.31563421828909,
    88.10226155358899,
    84.46411012782694,
    88.10226155358899,
    90.4621435594887,
    90.56047197640117,
    92.62536873156343,
    93.41199606686332,
    92.8220255653884,
    94.19862340216322,
    94.49360865290069,
    94.19862340216322
  ],
  "val_loss": [
    4.593359754899892,
    4.463505970597757,
    4.288399678689462,
    4.06328724244985,
    3.930683273346826,
    3.8524575567049255,
    3.791416772599083,
    3.704293480625859,
    3.616952499735012,
    3.5769639348787536,
    3.4794305715050715,
    3.449587335311827,
    3.40603122887788,
    3.376351182843432,
    3.324011590745714,
    3.3185327298356673,
    3.274315079543816,
    3.206958770751953,
    3.229201216756562,
    3.2298145294189453,
    3.1778087988802435,
    3.1085811053774486,
    3.1545044384866094,
    3.1618004316165123,
    3.063443966853766,
    3.092745280560152,
    2.996671527501487,
    2.9617689018877447,
    3.006505286252057,
    3.012861995540038,
    3.037333463935695,
    2.996728693016272,
    2.9588351858005604,
    2.952592254175571,
    3.0009810816603926,
    2.92407823099521,
    3.007949784949974,
    2.973706437727061,
    3.074117490784131,
    2.9515109268235573,
    2.9282928258793834,
    3.011234098010593,
    2.9298347013968007,
    3.0565650384612533,
    2.9771136030738736,
    2.8795095588935253,
    2.8561417232325046,
    2.909719070779934,
    2.9057377915323515,
    2.8843531216122975,
    2.907220173274539,
    2.967348815972913,
    2.9340765358489236,
    2.821448171089706,
    2.9207935568727095,
    2.8596740573521995,
    2.964474311090791,
    2.921888831221027,
    2.908186714345045,
    2.9506554476027627,
    2.849069089065363,
    2.8895532780713995,
    2.7646672401899175,
    2.8741974840438904,
    2.860338265022623,
    2.8733562402764465,
    2.8049995016168663,
    2.804682234187185,
    2.8689083523220487
  ],
  "val_acc": [
    2.05761316872428,
    2.4691358024691357,
    6.584362139917696,
    7.818930041152264,
    7.818930041152264,
    9.465020576131687,
    10.2880658436214,
    11.11111111111111,
    12.757201646090534,
    16.049382716049383,
    17.695473251028808,
    22.22222222222222,
    21.810699588477366,
    21.39917695473251,
    23.045267489711936,
    22.22222222222222,
    23.45679012345679,
    27.983539094650205,
    27.57201646090535,
    26.337448559670783,
    28.395061728395063,
    30.041152263374485,
    32.510288065843625,
    29.62962962962963,
    30.864197530864196,
    33.74485596707819,
    32.92181069958848,
    36.21399176954733,
    36.21399176954733,
    35.80246913580247,
    34.5679012345679,
    37.86008230452675,
    37.86008230452675,
    39.91769547325103,
    37.86008230452675,
    41.1522633744856,
    35.80246913580247,
    41.56378600823045,
    37.86008230452675,
    36.21399176954733,
    40.74074074074074,
    39.09465020576132,
    44.44444444444444,
    37.44855967078189,
    41.1522633744856,
    40.32921810699588,
    43.62139917695473,
    44.44444444444444,
    45.267489711934154,
    44.8559670781893,
    43.20987654320987,
    41.56378600823045,
    44.03292181069959,
    48.559670781893004,
    46.50205761316872,
    45.67901234567901,
    42.38683127572016,
    46.50205761316872,
    41.56378600823045,
    45.67901234567901,
    47.325102880658434,
    45.267489711934154,
    46.91358024691358,
    44.03292181069959,
    46.50205761316872,
    45.67901234567901,
    48.148148148148145,
    47.73662551440329,
    46.50205761316872
  ],
  "lr": [
    0.001,
    0.001,
    0.001,
    0.001,
    0.001,
    0.001,
    0.001,
    0.001,
    0.001,
    0.001,
    0.001,
    0.001,
    0.001,
    0.001,
    0.001,
    0.001,
    0.001,
    0.001,
    0.001,
    0.001,
    0.001,
    0.001,
    0.001,
    0.001,
    0.001,
    0.001,
    0.001,
    0.001,
    0.001,
    0.001,
    0.001,
    0.001,
    0.001,
    0.001,
    0.001,
    0.001,
    0.001,
    0.001,
    0.001,
    0.001,
    0.001,
    0.001,
    0.001,
    0.001,
    0.001,
    0.001,
    0.001,
    0.001,
    0.001,
    0.001,
    0.001,
    0.001,
    0.001,
    0.001,
    0.001,
    0.001,
    0.001,
    0.001,
    0.001,
    0.0005,
    0.0005,
    0.0005,
    0.0005,
    0.0005,
    0.0005,
    0.00025,
    0.00025,
    0.00025,
    0.00025
  ]
}