{
  "train_loss": [
    4.607326833899394,
    4.577270968708199,
    4.4433507309785165,
    4.289947081690576,
    4.231134998880422,
    4.190590569637752,
    4.048224033742059,
    4.021991529999229,
    3.9871833504945946,
    3.841455466627723,
    3.7266407034038442,
    3.879227929410681,
    3.6774873107583823,
    3.785929084410241,
    3.769682405972551,
    3.533742339444606,
    3.5041541026405176,
    3.5508128131502614,
    3.408622916586397,
    3.4085894646077266,
    3.3352587698952405,
    3.442701463502417,
    3.3515104368373003,
    3.2418332716473905,
    3.341774046362443,
    3.3754669157101342,
    3.1529000318859177,
    3.2212125978404207,
    3.19116105114347,
    3.050244071842295,
    3.018696240150354,
    2.9931381018346976,
    3.0944962724237435,
    2.956740281809279,
    2.9193915997282947,
    3.1310841146354713,
    3.1054882646896376,
    2.9032355967758914,
    2.727537087165735,
    2.8553155703999415,
    2.7278181547729434,
    2.857186912435346,
    2.852493920743524,
    2.791667975507303,
    2.6412792051084626,
    2.573168918680887,
    2.7352437729211916,
    2.8532553366151885,
    2.6946340530905633,
    2.7275612192519647,
    2.6334142398928,
    2.5470674612294726,
    2.882561370920877,
    2.5303502856454316,
    2.604826961412308,
    2.361777288137753,
    2.6797809748523003,
    2.6940555366208536,
    2.5825051984721346,
    2.6429920482541727,
    2.7998791344632323,
    2.3645427034785027,
    2.691151480641923
  ],
  "train_acc": [
    0.7866273352999017,
    1.671583087512291,
    1.966568338249754,
    3.5398230088495577,
    4.424778761061947,
    3.343166175024582,
    5.506391347099312,
    6.686332350049164,
    7.767944936086529,
    10.22615535889872,
    8.357915437561456,
    10.71779744346116,
    13.864306784660767,
    11.406096361848574,
    12.389380530973451,
    15.830875122910522,
    16.32251720747296,
    22.025565388397247,
    17.895771878072765,
    11.504424778761061,
    18.682399213372666,
    19.86234021632252,
    17.404129793510325,
    22.517207472959686,
    20.45231071779744,
    17.797443461160274,
    22.025565388397247,
    18.87905604719764,
    16.027531956735498,
    28.515240904621436,
    31.170108161258604,
    21.92723697148476,
    28.121927236971484,
    22.32055063913471,
    25.073746312684367,
    22.517207472959686,
    31.170108161258604,
    23.50049164208456,
    30.48180924287119,
    25.073746312684367,
    28.71189773844641,
    29.99016715830875,
    24.287118977384463,
    30.186823992133725,
    33.23500491642085,
    32.055063913470995,
    35.49655850540806,
    23.402163225172075,
    29.891838741396263,
    27.43362831858407,
    30.97345132743363,
    31.858407079646017,
    28.71189773844641,
    18.190757128810226,
    24.975417895771876,
    43.95280235988201,
    23.008849557522122,
    36.283185840707965,
    46.607669616519175,
    38.15142576204523,
    33.52999016715831,
    32.94001966568338,
    21.730580137659782
  ],
  "val_loss": [
    4.60118719187293,
    4.496490050735788,
    4.281567383204958,
    4.191426859961616,
    4.079592702810657,
    4.002556763558721,
    3.9213172496591575,
    3.8292108926262873,
    3.7722462891551203,
    3.6990524221349648,
    3.621968194781017,
    3.586778805579668,
    3.529725584964203,
    3.503103089430695,
    3.491623898101932,
    3.384950281661234,
    3.3786364160938027,
    3.344782536903036,
    3.2553206814659967,
    3.2689210014578736,
    3.235578528156987,
    3.20186786200284,
    3.1274257608892495,
    3.1006105603504572,
    3.0674029181523577,
    3.0465186378102245,
    2.989546339207716,
    3.0344277978433993,
    2.9327595184859914,
    2.8693446269251193,
    2.908205558243112,
    2.912527046085876,
    2.9064432897685486,
    2.870645249331439,
    2.863253731786469,
    2.8993749147579995,
    2.80161089563566,
    2.7599315849351296,
    2.7064329145376576,
    2.709838046949096,
    2.6841709388136374,
    2.7062418598206444,
    2.6901892791559665,
    2.6763697533941073,
    2.6674901379479303,
    2.6479976461748036,
    2.5653892730979764,
    2.624430583828271,
    2.6806478343382785,
    2.589961883953079,
    2.597727949236646,
    2.625388328921157,
    2.5925751821494396,
    2.574329371314971,
    2.5321158950711475,
    2.5277875637321316,
    2.5072923305103316,
    2.519423712428215,
    2.5024255577919416,
    2.512358819506296,
    2.5165044859113026,
    2.525736497753442,
    2.5198009200547458
  ],
  "val_acc": [
    2.05761316872428,
    2.4691358024691357,
    4.938271604938271,
    4.526748971193416,
    5.761316872427984,
    6.584362139917696,
    11.522633744855968,
    12.345679012345679,
    13.168724279835391,
    13.991769547325102,
    15.22633744855967,
    14.814814814814815,
    16.049382716049383,
    20.16460905349794,
    17.28395061728395,
    23.45679012345679,
    23.45679012345679,
    24.691358024691358,
    25.925925925925927,
    22.22222222222222,
    25.51440329218107,
    28.395061728395063,
    30.45267489711934,
    30.45267489711934,
    33.74485596707819,
    31.68724279835391,
    35.390946502057616,
    32.92181069958848,
    34.5679012345679,
    38.27160493827161,
    36.21399176954733,
    35.390946502057616,
    37.44855967078189,
    37.44855967078189,
    37.03703703703704,
    37.44855967078189,
    40.74074074074074,
    41.1522633744856,
    44.8559670781893,
    43.62139917695473,
    48.559670781893004,
    44.44444444444444,
    45.67901234567901,
    42.38683127572016,
    46.09053497942387,
    48.148148148148145,
    49.794238683127574,
    50.205761316872426,
    44.03292181069959,
    46.91358024691358,
    47.325102880658434,
    47.73662551440329,
    46.50205761316872,
    43.62139917695473,
    46.50205761316872,
    49.794238683127574,
    48.97119341563786,
    48.148148148148145,
    48.559670781893004,
    48.97119341563786,
    50.205761316872426,
    46.91358024691358,
    48.148148148148145
  ],
  "lr": [
    0.001,
    0.001,
    0.001,
    0.001,
    0.001,
    0.001,
    0.001,
    0.001,
    0.001,
    0.001,
    0.001,
    0.001,
    0.001,
    0.001,
    0.001,
    0.001,
    0.001,
    0.001,
    0.001,
    0.001,
    0.001,
    0.001,
    0.001,
    0.001,
    0.001,
    0.001,
    0.001,
    0.001,
    0.001,
    0.001,
    0.001,
    0.001,
    0.001,
    0.001,
    0.001,
    0.0005,
    0.0005,
    0.0005,
    0.0005,
    0.0005,
    0.0005,
    0.0005,
    0.0005,
    0.0005,
    0.0005,
    0.0005,
    0.0005,
    0.0005,
    0.0005,
    0.0005,
    0.0005,
    0.0005,
    0.0005,
    0.00025,
    0.00025,
    0.00025,
    0.00025,
    0.00025,
    0.00025,
    0.000125,
    0.000125,
    0.000125,
    0.000125
  ]
}