{
  "train_loss": [
    4.600379038935449,
    4.562320339292903,
    4.415469301837033,
    4.313851227099213,
    4.187150701074591,
    4.17949991216819,
    4.0814426782208555,
    4.036185242550681,
    4.054911204143963,
    3.9027162249929903,
    3.9284415345862436,
    3.745745539079139,
    3.7809430453395185,
    3.774333397547404,
    3.660877754320203,
    3.6357048345526413,
    3.5710298602442707,
    3.619031139062452,
    3.352053973292648,
    3.435800505247088,
    3.385515653981572,
    3.4237073004656016,
    3.432797959420533,
    3.399126195860706,
    3.306657173406175,
    3.112213043805538,
    3.298027576832879,
    3.1182382231030608,
    3.178507035929662,
    3.0691809801928764,
    3.2502121116559413,
    3.1541902095284553,
    3.262693535261801,
    3.0767568301779447,
    3.1178875789998672,
    3.122693974242684,
    2.9934509510839233,
    3.110748137227436,
    2.979473995013692,
    3.0044367388403637,
    2.901468333710377,
    2.8194649017900373,
    2.7220770914177157,
    2.984263218492416,
    2.7533064108917027,
    2.708907723075169,
    2.902366180569959,
    2.9550525241896817,
    2.7583824896648337,
    2.8637605162379547,
    2.9676695174758296,
    2.7449729067503292,
    2.8883195518861244,
    2.8906544359032735,
    2.719787813100374,
    2.4005459864699854,
    2.8006544260852104,
    2.6435936960147193,
    2.7398062005507207,
    2.6827487338374616,
    2.6581417733589103,
    2.6910897278856036,
    2.787614871149804,
    2.545720449239455,
    2.4191533729155625,
    2.4164263341748025,
    2.615617923211442,
    2.6370243327573104,
    2.50122035522611,
    2.3967174925752563,
    2.324353570900601,
    2.408038295006916,
    2.4017200153485865,
    2.3416661104973087,
    2.4207216490686467,
    2.563733273433959,
    2.5535734907129637,
    2.379326443170493,
    2.403554751340853,
    2.5470058664811397,
    2.5425540833581044,
    2.4262956996231306,
    2.7185440424503713,
    2.1564221241481185,
    2.567491805658931,
    2.4085842463588056,
    2.4422576495445347,
    2.292994312714921,
    2.4824551669780015,
    2.510134547392058,
    2.347282463353175,
    2.4891487030621944,
    2.3179440413956094,
    2.186506053339415
  ],
  "train_acc": [
    1.27826941986234,
    1.966568338249754,
    2.55653883972468,
    3.6381514257620453,
    2.949852507374631,
    4.818092428711898,
    4.71976401179941,
    5.801376597836775,
    6.784660766961652,
    9.242871189773844,
    6.293018682399214,
    10.22615535889872,
    6.981317600786627,
    9.734513274336283,
    11.897738446411013,
    8.259587020648967,
    12.684365781710914,
    15.437561455260571,
    13.176007866273354,
    18.190757128810226,
    16.224188790560472,
    17.207472959685347,
    14.454277286135694,
    17.10914454277286,
    13.765978367748279,
    13.667649950835791,
    19.66568338249754,
    23.50049164208456,
    20.353982300884955,
    17.99410029498525,
    22.32055063913471,
    22.123893805309734,
    21.730580137659782,
    13.667649950835791,
    18.977384464110127,
    19.764011799410028,
    22.615535889872174,
    22.4188790560472,
    24.48377581120944,
    25.958702064896755,
    25.36873156342183,
    25.467059980334316,
    25.663716814159294,
    24.87708947885939,
    29.20353982300885,
    26.057030481809242,
    28.41691248770895,
    24.680432645034415,
    27.13864306784661,
    28.908554572271388,
    27.236971484759096,
    31.170108161258604,
    18.58407079646018,
    36.47984267453294,
    36.971484759095375,
    29.20353982300885,
    39.13470993117011,
    32.055063913470995,
    34.51327433628319,
    29.105211406096362,
    31.071779744346117,
    37.75811209439528,
    30.77679449360865,
    26.450344149459195,
    37.75811209439528,
    34.611602753195676,
    26.450344149459195,
    29.400196656833824,
    40.806293018682396,
    29.69518190757129,
    23.008849557522122,
    28.71189773844641,
    50.34414945919371,
    42.67453294001967,
    35.39823008849557,
    28.908554572271388,
    43.657817109144545,
    36.7748279252704,
    37.85644051130777,
    27.630285152409048,
    38.74139626352016,
    27.826941986234022,
    33.333333333333336,
    41.49459193706981,
    28.810226155358897,
    42.87118977384464,
    38.34808259587021,
    33.333333333333336,
    40.0196656833825,
    27.335299901671583,
    32.94001966568338,
    34.31661750245821,
    40.117994100294986,
    37.75811209439528
  ],
  "val_loss": [
    4.591203524742597,
    4.451169282811168,
    4.280448819384163,
    4.156689432913383,
    4.081708198712196,
    4.022847728964723,
    3.9222971470758257,
    3.8608180976208346,
    3.8043068711159163,
    3.750853571872162,
    3.668171402848797,
    3.6274548558050714,
    3.589005708694458,
    3.509599877973643,
    3.4746058507220736,
    3.4672726495766346,
    3.4000401840288452,
    3.37762427624361,
    3.3290008988400057,
    3.3050850075458795,
    3.2831429346108143,
    3.257201612731557,
    3.2673640790790195,
    3.3128196732006936,
    3.20762381534027,
    3.202284900249277,
    3.127114539283784,
    3.117718811388369,
    3.0900458151420938,
    3.040198428150067,
    2.9859103410822865,
    3.0431639981367953,
    2.978214099083418,
    2.9806638970787143,
    2.9469101831255626,
    2.923697996531985,
    2.956530850610615,
    2.919496391045213,
    2.9033814428274525,
    2.8826974095631037,
    2.8081810719682356,
    2.8047286728282033,
    2.739904728445987,
    2.7553295510295976,
    2.7225254131442727,
    2.7205261879987677,
    2.753430501914319,
    2.7358862833721647,
    2.734646365475753,
    2.7323945186756275,
    2.6865260846330306,
    2.6792489020422163,
    2.666645672095656,
    2.680637851173495,
    2.682746837168564,
    2.6959989492785295,
    2.6543875496083325,
    2.616895058518084,
    2.602821191151937,
    2.6230852064281827,
    2.6042340164812505,
    2.589225649343106,
    2.5872958265704873,
    2.592599929605492,
    2.5848988162146673,
    2.6223117186699385,
    2.6090354644712597,
    2.568673285927792,
    2.5589887340372974,
    2.559316623358079,
    2.5669372003264876,
    2.5735639897884166,
    2.587380542676635,
    2.5619308536435352,
    2.606528000576506,
    2.5738834942319264,
    2.569041889881401,
    2.5484699918409435,
    2.5377241044378085,
    2.5291520067693765,
    2.5326709001643177,
    2.532408272778546,
    2.52718975907,
    2.5245908827448087,
    2.540024362964395,
    2.524266538306028,
    2.5235958482012335,
    2.522367710929839,
    2.508598022500183,
    2.512617064111027,
    2.5070233894473732,
    2.501734556975188,
    2.5002816096254827,
    2.501118550084746
  ],