{
  "train_loss": [
    4.603887512972221,
    4.575520131440289,
    4.457726271806565,
    4.3536279128833275,
    4.2312145167513,
    4.145255259473532,
    4.069344618093065,
    4.0046878222050095,
    3.899588143696593,
    3.880627477884058,
    3.8199714920396532,
    3.8520028370788784,
    3.7663433568198657,
    3.7517019722431226,
    3.636722218673841,
    3.5273540943655877,
    3.543584085143773,
    3.6539836860570465,
    3.5443086825758074,
    3.4246945507758486,
    3.432994331933756,
    3.4854055072236787,
    3.375568648706847,
    3.485774732269017,
    3.3520527865917162,
    3.381606299851379,
    3.2585197840702804,
    3.4521428589272287,
    3.3369911511739097,
    3.325978651393714,
    3.297666976819934,
    3.0373502778678754,
    3.164345000931881,
    3.1327264036986913,
    3.023757358802338,
    2.958452729231723,
    3.0783832077900333,
    2.933317823982051,
    3.065856949066342,
    3.0604107569804233,
    2.786017511212134,
    2.9772589408308123,
    2.8921020134125954,
    3.11801393053173,
    2.988839364215922,
    2.9745852701080233,
    2.8908244037346855,
    2.744764660898094,
    2.808840552379717,
    2.6830587281590015,
    3.0197356565394817,
    2.9228798735927106,
    2.6882705273529774,
    2.712228318114079,
    2.758945048734502,
    2.745574444796132,
    2.856861891413626,
    2.544548305907198,
    2.7824662442052612,
    2.6359896146442336,
    2.6196067680182593,
    2.6792173179318888,
    2.756781691412424,
    2.4834462878978356,
    2.542055974433321,
    2.639611917493852,
    2.5998118435973145,
    2.3390443187899295,
    2.658039021984314,
    2.832488404614384,
    2.5534152225055524,
    2.695627642943796,
    2.819128451445813,
    2.540145202137845,
    2.450223356690496,
    2.4561688676110176,
    2.5302475202048424,
    2.488405238913927,
    2.5926081137905665,
    2.4039034646520925,
    2.443170801610956,
    2.2916178046895106,
    2.70843576165896,
    2.5559665652737387,
    2.522662177081188,
    2.413318009034253,
    2.554880304908565,
    2.2983536733169707,
    2.5693559482503194,
    2.435886810545607,
    2.3355884148776824,
    2.40421125412925,
    2.4105630631292114,
    2.4363083129083862,
    2.3369738762592025,
    2.6335921217206657,
    2.4361113776382326,
    2.5908526265398475,
    2.3006839709999287,
    2.3522168635853156
  ],
  "train_acc": [
    1.0816125860373649,
    0.688298918387414,
    1.8682399213372665,
    3.8348082595870205,
    4.129793510324483,
    4.818092428711898,
    8.259587020648967,
    6.882989183874139,
    8.751229105211406,
    7.571288102261554,
    10.127826941986234,
    10.816125860373647,
    8.849557522123893,
    9.04621435594887,
    7.669616519174041,
    13.372664700098328,
    10.422812192723697,
    13.667649950835791,
    12.389380530973451,
    17.895771878072765,
    12.684365781710914,
    12.291052114060964,
    14.060963618485742,
    14.15929203539823,
    20.747295968534907,
    20.058997050147493,
    16.519174041297934,
    17.010816125860373,
    16.912487708947886,
    17.6007866273353,
    23.893805309734514,
    17.404129793510325,
    12.684365781710914,
    25.36873156342183,
    29.400196656833824,
    29.20353982300885,
    20.353982300884955,
    26.548672566371682,
    22.71386430678466,
    24.48377581120944,
    24.09046214355949,
    24.87708947885939,
    28.22025565388397,
    31.366764995083578,
    23.402163225172075,
    18.09242871189774,
    23.59882005899705,
    30.875122910521142,
    29.596853490658802,
    37.266470009832844,
    28.515240904621436,
    23.59882005899705,
    28.31858407079646,
    30.678466076696164,
    36.47984267453294,
    34.51327433628319,
    35.299901671583086,
    35.79154375614553,
    33.82497541789577,
    33.43166175024582,
    35.299901671583086,
    23.59882005899705,
    31.26843657817109,
    30.678466076696164,
    22.32055063913471,
    21.14060963618486,
    28.908554572271388,
    49.36086529006883,
    28.515240904621436,
    41.00294985250738,
    42.67453294001967,
    35.889872173058016,
    33.82497541789577,
    44.936086529006886,
    39.42969518190757,
    42.67453294001967,
    29.006882989183875,
    34.80825958702065,
    33.52999016715831,
    39.62635201573255,
    44.14945919370698,
    23.795476892822027,
    39.62635201573255,
    35.10324483775811,
    36.57817109144543,
    38.05309734513274,
    32.84169124877089,
    36.676499508357914,
    42.08456243854474,
    34.414945919370695,
    34.80825958702065,
    33.23500491642085,
    38.839724680432646,
    41.101278269419865,
    35.9882005899705,
    30.678466076696164,
    40.21632251720747,
    30.48180924287119,
    43.55948869223206,
    33.333333333333336
  ],
  "val_loss": [
    4.600339630503713,
    4.501108489409396,
    4.313375539740417,
    4.181136666992565,
    4.075541194083759,
    3.993313145735627,
    3.8981207035205983,
    3.8247597923985235,
    3.753931022965859,
    3.6955774644765342,
    3.6696787331820517,
    3.5934923205356046,
    3.551182758660964,
    3.5169299188464755,
    3.4670432153552646,
    3.4072910395178777,
    3.3848377265066767,
    3.374667306005219,
    3.3519009984569785,
    3.3341861536473405,
    3.2837178147869346,
    3.2696152694921925,
    3.275491558475259,
    3.2400254339838224,
    3.1933035222591197,
    3.2074070006241033,
    3.176817911642569,
    3.211339185267319,
    3.1437768818419656,
    3.14536268328443,
    3.1218405996330483,
    3.0680186601332675,
    3.064553084196868,
    3.012353487956671,
    2.987188195986022,
    2.9876025380421076,
    2.9594580607159147,
    2.9617705924030195,
    2.906428940502214,
    2.919383359053498,
    2.857965244677822,
    2.873032751397341,
    2.867310487684399,
    2.891852598622012,
    2.82290574258247,
    2.8588569360505405,
    2.8200699978895147,
    2.8246353329945,
    2.8214632601404386,
    2.8121766013863647,
    2.865437296682915,
    2.7948562147195446,
    2.8039396025025796,
    2.8304387934413957,
    2.7885442329532326,
    2.786226945649449,
    2.7951161518018433,
    2.7439186886995417,
    2.6999940734831887,
    2.7056043157852234,
    2.747321528171806,
    2.709212044138967,
    2.7061633710507995,
    2.6859853944660705,
    2.656612492392583,
    2.662830809997433,
    2.643398566501131,
    2.6260015984130987,
    2.6473415162828235,
    2.626677815315655,
    2.6352096810752963,
    2.6329747551262623,
    2.6391116797678755,
    2.60702769942735,
    2.612658750863723,
    2.6101434260238836,
    2.609024428536372,
    2.6214040630638844,
    2.615954039028152,
    2.602388752831353,
    2.6001101040545804,
    2.588243460949556,
    2.5892031820713246,
    2.584110076535386,
    2.574202504177643,
    2.5747341000984725,
    2.5775426464316284,
    2.5918017532599804,
    2.5849658098731023,
    2.5815818515824684,
    2.5654142187456044,
    2.5667281700259865,
    2.567060621677603,
    2.567296404897431,
    2.5711575408040743,
    2.5719573988345426,
    2.573742438736276,
    2.573645566226033,
    2.5770327397334722,
    2.5783405882831465
  ],