{
  "train_loss": [
    4.601896550451408,
    4.582089485085937,
    4.49313001904633,
    4.404144786452122,
    4.328542816252131,
    4.284887887266416,
    4.210372632232036,
    4.176144282491978,
    4.155771831730005,
    4.031440426349171,
    3.909311935027206,
    3.9750536756412354,
    3.8312740032886214,
    3.65253537453733,
    3.6303893183536586,
    3.7129487552942897,
    3.5662408660412304,
    3.6200562118897865,
    3.590526648327313,
    3.5681805287138904,
    3.4842511913652148,
    3.47593068560785,
    3.3784350837812545,
    3.37860641859274,
    3.3222983774299584,
    3.259371493769958,
    3.2412973922496935,
    3.4276924726416813,
    3.188450788209103,
    3.2929256850873707,
    3.18281378882004,
    2.8799262668061982,
    3.2386083691989893,
    3.0205281631784806,
    3.2365515454797738,
    3.1254887805927467,
    2.8664246824521467,
    2.8901860992934267,
    2.6526263301703077,
    2.9649952245672897,
    2.7767375507185945,
    2.8842944991037673,
    2.7809592909751975,
    2.885088776885701,
    2.742340142747997,
    2.8398427417027445,
    2.662312224902938,
    2.7627537782682197,
    2.724419477766594,
    2.602234164287676,
    2.825116639291994,
    2.7355722455031284,
    2.6044418387473978,
    2.6296408903165083,
    2.762839151811928,
    2.6737804764491617,
    2.59828874120084,
    2.688367704491817,
    2.6337709183069338,
    2.6374834322296414,
    2.753534609940903,
    2.5630665791304295,
    2.506139612713629,
    2.647570387334833,
    2.811309913149508,
    2.782173392343662,
    2.6538271125673427,
    2.498686793279507
  ],
  "train_acc": [
    1.1799410029498525,
    1.966568338249754,
    1.4749262536873156,
    2.2615535889872174,
    4.031465093411996,
    3.8348082595870205,
    3.4414945919370696,
    4.2281219272369714,
    5.6047197640118,
    5.801376597836775,
    7.767944936086529,
    8.849557522123893,
    7.374631268436578,
    11.897738446411013,
    9.04621435594887,
    12.684365781710914,
    14.650934119960668,
    12.192723697148477,
    13.274336283185841,
    11.701081612586037,
    15.732546705998033,
    17.010816125860373,
    15.142576204523108,
    20.15732546705998,
    13.864306784660767,
    22.910521140609635,
    22.123893805309734,
    17.699115044247787,
    19.86234021632252,
    22.32055063913471,
    20.255653883972467,
    19.86234021632252,
    23.303834808259587,
    21.632251720747295,
    25.36873156342183,
    28.22025565388397,
    28.31858407079646,
    29.301868239921337,
    23.893805309734514,
    28.810226155358897,
    28.515240904621436,
    28.121927236971484,
    29.891838741396263,
    28.023598820058996,
    36.38151425762045,
    31.76007866273353,
    33.6283185840708,
    23.59882005899705,
    29.20353982300885,
    39.33136676499508,
    38.544739429695184,
    24.385447394296953,
    28.31858407079646,
    33.82497541789577,
    36.47984267453294,
    31.956735496558505,
    35.693215339233035,
    32.055063913470995,
    33.6283185840708,
    31.858407079646017,
    26.94198623402163,
    36.676499508357914,
    31.563421828908556,
    30.383480825958703,
    26.94198623402163,
    29.793510324483776,
    32.84169124877089,
    38.34808259587021
  ],
  "val_loss": [
    4.603748560932929,
    4.525765568140603,
    4.431963174921986,
    4.309372607572579,
    4.197167979346381,
    4.122275121908619,
    4.0681895444422596,
    3.9780324339376065,
    3.9141583481933844,
    3.8246618788919333,
    3.770000929695098,
    3.7025591296914184,
    3.667773596053261,
    3.6532308711927124,
    3.5451325516641874,
    3.471985091888365,
    3.418116369365174,
    3.3921099631384077,
    3.3886762921211653,
    3.3076501746236544,
    3.2779850704679765,
    3.267532601768588,
    3.2829682395291426,
    3.208929921373909,
    3.1434158179985645,
    3.1137704476407526,
    3.1535048985186918,
    3.1122101923075234,
    3.074246459537082,
    3.0057841662026235,
    3.0062650545143788,
    2.9186173505743835,
    2.9841370268613714,
    2.954254701794911,
    2.9538134096090687,
    3.0167000440903653,
    2.8719829698648964,
    2.8284929357928994,
    2.7959933074904075,
    2.7874331150525884,
    2.8150236940187683,
    2.7736491999998996,
    2.7660221003701166,
    2.7665477544682506,
    2.773433420393202,
    2.8018842655935403,
    2.761363106009401,
    2.695327172063506,
    2.6762506363323197,
    2.697065339657505,
    2.677636599835054,
    2.6677913106518027,
    2.639306997566066,
    2.6861607390666693,
    2.664028017609208,
    2.6608611673975187,
    2.6363352453757707,
    2.664157500482881,
    2.6257819501460826,
    2.6113799638708923,
    2.5979489750332303,
    2.6030146957915505,
    2.588190155264772,
    2.581187986052085,
    2.581143341927862,
    2.5854077172377474,
    2.578354868869232,
    2.5684294072688854
  ],
  "val_acc": [
    1.646090534979424,
    1.2345679012345678,
    2.4691358024691357,
    2.4691358024691357,
    5.349794238683128,
    6.172839506172839,
    7.818930041152264,
    9.876543209876543,
    10.2880658436214,
    11.11111111111111,
    12.345679012345679,
    15.637860082304528,
    13.991769547325102,
    16.049382716049383,
    19.34156378600823,
    20.5761316872428,
    20.5761316872428,
    25.51440329218107,
    20.987654320987655,
    21.810699588477366,
    24.279835390946502,
    28.80658436213992,
    26.74897119341564,
    28.80658436213992,
    30.45267489711934,
    28.395061728395063,
    31.275720164609055,
    31.275720164609055,
    30.864197530864196,
    36.62551440329218,
    33.333333333333336,
    35.80246913580247,
    33.333333333333336,
    35.390946502057616,
    36.62551440329218,
    32.92181069958848,
    38.68312757201646,
    41.1522633744856,
    39.50617283950617,
    42.79835390946502,
    39.91769547325103,
    40.32921810699588,
    40.74074074074074,
    38.27160493827161,
    39.09465020576132,
    39.91769547325103,
    39.91769547325103,
    40.32921810699588,
    42.79835390946502,
    42.38683127572016,
    42.79835390946502,
    44.8559670781893,
    47.325102880658434,
    41.97530864197531,
    42.38683127572016,
    44.44444444444444,
    45.267489711934154,
    44.8559670781893,
    46.09053497942387,
    44.03292181069959,
    44.03292181069959,
    45.67901234567901,
    45.67901234567901,
    44.44444444444444,
    45.67901234567901,
    44.8559670781893,
    45.267489711934154,
    46.09053497942387
  ],
  "lr": [
    0.001,
    0.001,
    0.001,
    0.001,
    0.001,
    0.001,
    0.001,
    0.001,
    0.001,
    0.001,
    0.001,
    0.001,
    0.001,
    0.001,
    0.001,
    0.001,
    0.001,
    0.001,
    0.001,
    0.001,
    0.001,
    0.001,
    0.001,
    0.001,
    0.001,
    0.001,
    0.001,
    0.001,
    0.001,
    0.001,
    0.001,
    0.001,
    0.001,
    0.001,
    0.001,
    0.0005,
    0.0005,
    0.0005,
    0.0005,
    0.0005,
    0.0005,
    0.0005,
    0.0005,
    0.0005,
    0.0005,
    0.00025,
    0.00025,
    0.00025,
    0.00025,
    0.00025,
    0.00025,
    0.00025,
    0.00025,
    0.00025,
    0.00025,
    0.00025,
    0.00025,
    0.00025,
    0.000125,
    0.000125,
    0.000125,
    0.000125,
    0.000125,
    0.000125,
    6.25e-05,
    6.25e-05,
    6.25e-05,
    6.25e-05
  ]
}