{
  "train_loss": [
    4.606284072148296,
    4.5633076674349775,
    4.4935390834377,
    4.354360512458704,
    4.218252254212266,
    4.158616257276507,
    4.090743197100704,
    4.025335874763797,
    4.030574953309906,
    3.9979160181306224,
    3.9026031803592467,
    3.8860615638387825,
    3.8244745691500115,
    3.7890409387084,
    3.7536105865808596,
    3.538644970928556,
    3.716874061198127,
    3.58551568361393,
    3.521058859257806,
    3.5977359228312324,
    3.575435657885691,
    3.401125435280589,
    3.3828449680624693,
    3.278477428233729,
    3.345903642526887,
    3.2872651298489193,
    3.244450026205507,
    3.185398070627023,
    3.3664549158972155,
    3.067445258006468,
    3.19709429862811,
    3.261846594637005,
    3.212828098614073,
    2.89626362260464,
    2.833846032443651,
    3.034835495662783,
    2.925152066417383,
    3.0128743730580676,
    2.7800487290441462,
    2.7248658357937194,
    3.064901555416741,
    2.9940212063615887,
    2.866109939920281,
    2.9154531484508235,
    2.972486641320273,
    2.582006035066753,
    2.8039007519784813,
    2.9796676809222764,
    2.9810205321748,
    2.658873269574363,
    2.605726421758489,
    2.9412899584662364,
    2.654022394966118,
    2.674761179977462,
    2.714492352428455,
    2.4681550150658413,
    2.497866236706399,
    2.5237464431230063,
    2.760383960654485,
    2.6124891566667583,
    2.419162767123332,
    2.488489030033438,
    2.6900518109313154,
    2.4765379175675655,
    2.4573383436793774,
    2.449262600732764,
    2.515736346985621,
    2.4230599738620846,
    2.546862414218449,
    2.3455007172381044,
    2.561526275900144,
    2.3720945368356996,
    2.4976580515723663,
    2.3381942521154353,
    2.5934755584131652,
    2.6472639292038997,
    2.5032638507137843,
    2.3132352854767144,
    2.284791078773806
  ],
  "train_acc": [
    1.1799410029498525,
    1.7699115044247788,
    2.2615535889872174,
    3.5398230088495577,
    4.818092428711898,
    5.2114060963618485,
    6.293018682399214,
    5.014749262536873,
    6.096361848574238,
    5.703048180924287,
    8.062930186823992,
    10.422812192723697,
    10.127826941986234,
    9.242871189773844,
    9.537856440511307,
    12.094395280235988,
    7.866273352999016,
    11.504424778761061,
    12.389380530973451,
    12.586037364798427,
    16.8141592920354,
    17.6007866273353,
    20.353982300884955,
    16.912487708947886,
    17.305801376597838,
    15.437561455260571,
    21.632251720747295,
    21.43559488692232,
    22.22222222222222,
    23.795476892822027,
    21.337266470009833,
    20.845624385447394,
    23.107177974434613,
    26.94198623402163,
    27.236971484759096,
    28.908554572271388,
    29.49852507374631,
    24.680432645034415,
    34.51327433628319,
    21.238938053097346,
    26.450344149459195,
    30.186823992133725,
    23.107177974434613,
    32.25172074729597,
    24.09046214355949,
    31.170108161258604,
    27.826941986234022,
    36.7748279252704,
    28.023598820058996,
    29.49852507374631,
    32.64503441494592,
    24.582104228121928,
    35.004916420845625,
    34.90658800393314,
    39.528023598820056,
    27.531956735496557,
    45.03441494591937,
    39.13470993117011,
    32.743362831858406,
    49.06588003933137,
    39.92133726647001,
    35.9882005899705,
    40.511307767944935,
    26.843657817109143,
    45.03441494591937,
    37.85644051130777,
    45.82104228121927,
    40.31465093411996,
    43.75614552605703,
    29.301868239921337,
    39.823008849557525,
    32.84169124877089,
    29.006882989183875,
    38.74139626352016,
    34.11996066863323,
    33.23500491642085,
    34.80825958702065,
    38.839724680432646,
    47.885939036381515
  ],
  "val_loss": [
    4.599351043073238,
    4.48771624702485,
    4.358094976762685,
    4.224046257788261,
    4.146440802287663,
    4.026924862292568,
    3.9576064873134156,
    3.954643420231195,
    3.881375521789362,
    3.8548339786843506,
    3.769006810561129,
    3.7117894824149675,
    3.6666898943269204,
    3.594419577484759,
    3.5885259133798106,
    3.5330651257754355,
    3.506130470660488,
    3.3949192992944286,
    3.381847628840694,
    3.3837788625018588,
    3.371869123521656,
    3.2499021120032165,
    3.2425507429695912,
    3.1489285745738465,
    3.2130121203607,
    3.1050745096716863,
    3.1292693703262895,
    3.069635286252685,
    3.032147752895277,
    3.0337099096902604,
    2.9912561202736057,
    2.945693848064407,
    2.9893239241078065,
    2.8525933120476368,
    2.852009290530358,
    2.8684815595179427,
    2.881712983174579,
    2.855394688162784,
    2.8645633787775235,
    2.8556329173806274,
    2.8111556577093806,
    2.8304638254299084,
    2.7616008201253757,
    2.8575216055897528,
    2.7880263142134427,
    2.7490387953848505,
    2.759131646450655,
    2.692632928306674,
    2.717985239539127,
    2.657094876952623,
    2.649435170883995,
    2.6390276151429477,
    2.6495579495842074,
    2.643148054311305,
    2.6113267042999895,
    2.615428224022006,
    2.586252796306532,
    2.573742537832064,
    2.5832489115711104,
    2.5980592264560025,
    2.599057167155262,
    2.5793389930646606,
    2.5816183031341176,
    2.5417438004733115,
    2.5586757120281582,
    2.546894917272246,
    2.5509384944115157,
    2.55439711009524,
    2.5431623488296697,
    2.546021061179079,
    2.5649495311234713,
    2.5488320358496144,
    2.546834205894313,
    2.55635370639126,
    2.542593051376657,
    2.52845800364459,
    2.5275506600430964,
    2.5253982200544067,
    2.525504278057397
  ],
  "val_acc": [
    1.2345679012345678,
    2.05761316872428,
    4.11522633744856,
    5.349794238683128,
    7.818930041152264,
    7.818930041152264,
    6.995884773662551,
    11.934156378600823,
    11.934156378600823,
    11.522633744855968,
    11.522633744855968,
    14.40329218106996,
    18.106995884773664,
    16.46090534979424,
    16.049382716049383,
    19.34156378600823,
    18.930041152263374,
    20.5761316872428,
    19.753086419753085,
    23.045267489711936,
    22.22222222222222,
    28.395061728395063,
    25.925925925925927,
    29.62962962962963,
    28.80658436213992,
    31.275720164609055,
    30.864197530864196,
    33.74485596707819,
    33.333333333333336,
    36.21399176954733,
    33.333333333333336,
    33.333333333333336,
    35.390946502057616,
    39.50617283950617,
    39.91769547325103,
    37.44855967078189,
    37.44855967078189,
    39.09465020576132,
    37.86008230452675,
    41.56378600823045,
    38.68312757201646,
    41.1522633744856,
    43.20987654320987,
    40.74074074074074,
    40.32921810699588,
    43.20987654320987,
    39.91769547325103,
    43.20987654320987,
    42.38683127572016,
    46.09053497942387,
    48.559670781893004,
    46.09053497942387,
    46.09053497942387,
    44.44444444444444,
    47.325102880658434,
    44.44444444444444,
    47.73662551440329,
    48.148148148148145,
    46.91358024691358,
    50.205761316872426,
    49.794238683127574,
    48.559670781893004,
    48.148148148148145,
    51.440329218106996,
    50.205761316872426,
    50.205761316872426,
    47.73662551440329,
    49.382716049382715,
    50.205761316872426,
    50.205761316872426,
    49.382716049382715,
    49.794238683127574,
    49.794238683127574,
    48.559670781893004,
    48.559670781893004,
    49.794238683127574,
    51.02880658436214,
    50.205761316872426,
    49.794238683127574
  ],