{
  "train_loss": [
    4.608397058563833,
    4.55521923860383,
    4.402672468033512,
    4.262075878525906,
    4.132509734661061,
    4.028826390044176,
    3.9020482502152434,
    3.844309702266517,
    3.7371550874606934,
    3.656866631793882,
    3.5815652992169764,
    3.4929876287661004,
    3.41277011891968,
    3.341350623405554,
    3.264683318817979,
    3.1581600790764615,
    3.1071177930841287,
    3.0116919453751256,
    2.978259812882985,
    2.829644707920746,
    2.780478139190899,
    2.7154052949115823,
    2.6737745706076232,
    2.5831791346520916,
    2.518741252968562,
    2.4821455577130163,
    2.409550106044833,
    2.3269085213615246,
    2.2941326656641627,
    2.237563676187071,
    2.1615148680751655,
    2.165972543677046,
    2.0363613717558344,
    2.0607483853515505,
    1.9876248140250687,
    2.013406092438374,
    1.8738809330507953,
    1.7964088494798778,
    1.7545364359018256,
    1.7249608434875923,
    1.6667258467528907,
    1.677568673032575,
    1.6347433660351538,
    1.6324841882392487,
    1.6035160762839378,
    1.5899739074378825,
    1.561692320140062,
    1.5341609511286343,
    1.5249446092453678,
    1.4906590294345643,
    1.495850092776288,
    1.4906425930874654,
    1.4665743930736006,
    1.454938233074537,
    1.436874438410546,
    1.4336574628524255,
    1.4123533251480132,
    1.392488417489456,
    1.3867194983108206,
    1.3822212826420306,
    1.3522681778511114,
    1.330961644356464,
    1.303201273127643,
    1.3028984348799744,
    1.2992378420534387,
    1.3002624401535139,
    1.2812914649059404,
    1.277750448022503,
    1.2792000564267618,
    1.2743311547248413,
    1.2703974869398944,
    1.254802532486742,
    1.2420363423864165,
    1.2667413927695275,
    1.25506896138074,
    1.2428176835574936,
    1.2310438962578187,
    1.22877656745348,
    1.2351977518057284,
    1.2349939674519976,
    1.2122061410836413,
    1.21164360803606,
    1.2213554696464726,
    1.2235196171256997,
    1.2096500865594944,
    1.227658716392142,
    1.2248432937507667,
    1.2004571391183483,
    1.1923476920601424,
    1.2025798726808592,
    1.208479991470232,
    1.2021556833617923
  ],
  "train_acc": [
    0.7866273352999017,
    2.2615535889872174,
    2.949852507374631,
    4.3264503441494595,
    5.6047197640118,
    8.16125860373648,
    10.029498525073747,
    8.652900688298919,
    13.569321533923304,
    13.176007866273354,
    15.830875122910522,
    18.190757128810226,
    19.86234021632252,
    20.64896755162242,
    24.09046214355949,
    26.352015732546707,
    25.860373647984268,
    30.875122910521142,
    32.15339233038348,
    37.06981317600787,
    36.87315634218289,
    42.47787610619469,
    40.117994100294986,
    42.96951819075713,
    46.017699115044245,
    46.4110127826942,
    50.442477876106196,
    52.409046214355946,
    56.14552605703048,
    56.24385447394297,
    60.66863323500492,
    57.42379547689282,
    64.20845624385447,
    64.20845624385447,
    63.81514257620452,
    64.40511307767945,
    70.00983284169125,
    73.74631268436578,
    75.71288102261553,
    77.28613569321534,
    78.95771878072763,
    79.84267453294002,
    81.02261553588987,
    81.31760078662734,
    82.20255653883973,
    82.69419862340216,
    82.79252704031465,
    84.66076696165192,
    84.75909537856441,
    86.3323500491642,
    85.34906588003933,
    85.64405113077679,
    88.0039331366765,
    88.88888888888889,
    87.31563421828909,
    89.38053097345133,
    90.26548672566372,
    89.87217305801377,
    89.5771878072763,
    89.77384464110128,
    90.95378564405114,
    92.03539823008849,
    94.3952802359882,
    92.03539823008849,
    93.31366764995083,
    93.51032448377582,
    94.19862340216322,
    94.69026548672566,
    94.49360865290069,
    94.00196656833825,
    93.21533923303835,
    94.88692232055064,
    95.18190757128811,
    94.29695181907572,
    95.47689282202556,
    95.37856440511308,
    94.3952802359882,
    95.77187807276303,
    94.98525073746313,
    94.10029498525074,
    96.16519174041298,
    95.47689282202556,
    95.37856440511308,
    95.18190757128811,
    96.36184857423795,
    95.37856440511308,
    94.78859390363814,
    95.67354965585054,
    96.26352015732547,
    96.46017699115045,
    94.69026548672566,
    95.08357915437561
  ],
  "val_loss": [
    4.602128066153193,
    4.501774740807804,
    4.338141241191346,
    4.220060169942094,
    4.113349404354645,
    4.085285746021035,
    3.9871842714003574,
    3.931648004202195,
    3.908349114680977,
    3.838085632755923,
    3.7924871405456293,
    3.8034676848125066,
    3.7411477693314414,
    3.630925129470511,
    3.657995565437976,
    3.62263939998768,
    3.550113613222852,
    3.584471635857727,
    3.5931351999196495,
    3.6140451745241267,
    3.514970858891805,
    3.578941388385286,
    3.484799198652982,
    3.4761897546273692,
    3.5120960164953163,
    3.4708959850264183,
    3.5488119743488453,
    3.5101759472992193,
    3.4896291234365706,
    3.4209432444945285,
    3.5484258863661022,
    3.5547740822466314,
    3.5140377690272078,
    3.520260464507366,
    3.604400051964654,
    3.6080583172079956,
    3.5470164322558744,
    3.4990460234904974,
    3.5301850646611594,
    3.5779504226558982,
    3.4895945821769936,
    3.5627289779882862,
    3.559949425512871,
    3.5960550367096324,
    3.5981771327831127,
    3.6008718573016885,
    3.5930998668749146,
    3.579594411967713,
    3.6410820150571594,
    3.6659249876752313,
    3.67380849912824,
    3.6457314922976396,
    3.6493203110165067,
    3.637380184950652,
    3.621019971714098,
    3.665787402494454,
    3.604125398667261,
    3.6021863776469916,
    3.5545050038231745,
    3.597613168842017,
    3.56261534945955,
    3.560266472184609,
    3.580637107660741,
    3.6059152471675793,
    3.6025621851775873,
    3.585657085410852,
    3.577376886650368,
    3.571543968263477,
    3.5636980043026645,
    3.5682555000477856,
    3.56794365148976,
    3.58940071333583,
    3.5418821381933894,
    3.5110119223104093,
    3.539906240785073,
    3.5657220053574674,
    3.5446910446072804,
    3.555058815842303,
    3.563729902353797,
    3.584834236176416,
    3.570510268701938,
    3.5529162383373873,
    3.564530676775018,
    3.564397077010983,
    3.558379463698148,
    3.5585380218647145,
    3.54900060857765,
    3.54913531016911,
    3.5471499996420777,
    3.5514203422844655,
    3.548499552801313,
    3.546313017974665
  ],