{
  "train_loss": [
    4.608615065511818,
    4.559943563935796,
    4.419782166870177,
    4.294434557739378,
    4.157227886109929,
    4.067084862419286,
    4.010968926616357,
    3.90538264282099,
    3.8588607503484016,
    3.758257621626352,
    3.6922023753500968,
    3.5899087944330836,
    3.545810859815209,
    3.4478209979883454,
    3.4040597966755857,
    3.3373456992934236,
    3.2299449821254616,
    3.155165876728009,
    3.087976416772563,
    3.0266787837036944,
    2.9865459671414354,
    2.885116981076866,
    2.823966042482044,
    2.732677364771345,
    2.6533613350304646,
    2.6660531329077135,
    2.5591743986397955,
    2.504016135177312,
    2.4397595146764344,
    2.3838917311196717,
    2.3295770479162887,
    2.3026987158326158,
    2.224444454046829,
    2.215471524404565,
    2.1376493539782047,
    2.0983440095344474,
    2.0009065246394484,
    1.9944422945980946,
    1.9411146954918095,
    1.9029482899631136,
    1.8885627463386707,
    1.8538783306920774,
    1.8553585110629671,
    1.7735403948477235,
    1.7422628846960901,
    1.711197961396524,
    1.7163397149936521,
    1.6814024145975928,
    1.616358699700122,
    1.6004301470172324,
    1.5812821057693796,
    1.4936732653905742,
    1.4624910245602813,
    1.4218780629871635,
    1.4104767108268326,
    1.3988341937022926,
    1.3687705269253712,
    1.3516380078907444,
    1.353620165920539,
    1.34088258311929,
    1.306223987009204,
    1.2937388478713283,
    1.2950387784044535,
    1.2842251899319763,
    1.2830838771461854,
    1.2562866534455337,
    1.253692640081385,
    1.2467930005128873,
    1.2433952840966345,
    1.2436021751593231,
    1.2378134531726293,
    1.238757852021689,
    1.2236108798661884,
    1.234623253052448,
    1.2257396902892677
  ],
  "train_acc": [
    1.1799410029498525,
    1.5732546705998034,
    3.4414945919370696,
    3.736479842674533,
    6.293018682399214,
    5.99803343166175,
    6.784660766961652,
    8.55457227138643,
    8.456243854473943,
    10.422812192723697,
    13.864306784660767,
    15.044247787610619,
    14.650934119960668,
    18.09242871189774,
    19.174041297935105,
    19.174041297935105,
    23.697148475909536,
    25.76204523107178,
    27.826941986234022,
    28.810226155358897,
    29.793510324483776,
    32.15339233038348,
    33.92330383480826,
    40.21632251720747,
    41.789577187807275,
    41.69124877089479,
    45.42772861356932,
    46.017699115044245,
    49.06588003933137,
    50.04916420845625,
    52.8023598820059,
    53.88397246804326,
    59.29203539823009,
    58.898721730580135,
    60.66863323500492,
    62.63520157325467,
    65.09341199606686,
    65.19174041297936,
    69.12487708947886,
    70.30481809242872,
    69.71484759095378,
    73.15634218289085,
    71.48475909537856,
    76.10619469026548,
    75.02458210422812,
    76.7944936086529,
    76.8928220255654,
    78.46607669616519,
    79.9410029498525,
    82.3992133726647,
    83.57915437561455,
    85.44739429695181,
    87.41396263520157,
    89.08554572271386,
    89.47885939036381,
    89.77384464110128,
    92.03539823008849,
    92.42871189773845,
    91.44542772861357,
    92.13372664700098,
    93.70698131760079,
    94.59193706981317,
    93.90363815142577,
    93.70698131760079,
    93.01868239921338,
    95.18190757128811,
    94.88692232055064,
    95.37856440511308,
    96.06686332350048,
    95.57522123893806,
    93.80530973451327,
    94.88692232055064,
    95.87020648967551,
    95.47689282202556,
    96.16519174041298
  ],
  "val_loss": [
    4.60202021853914,
    4.5033669138150945,
    4.366685470926418,
    4.271808310300725,
    4.18837876378754,
    4.167324605792638,
    4.099103132883708,
    4.0145139497984585,
    3.949209529185982,
    3.92634107055978,
    3.8639518792737166,
    3.8651589179725803,
    3.8183087095802213,
    3.7552340030670166,
    3.7393015323842995,
    3.753355091981927,
    3.752364921962283,
    3.756815825960764,
    3.717014503086545,
    3.6784125404593384,
    3.6412746101740456,
    3.638791362935133,
    3.5756230570161294,
    3.5988062183552807,
    3.6307842280148477,
    3.6426639242917913,
    3.5436604121094377,
    3.486492383627244,
    3.5240112469520097,
    3.559230680818911,
    3.6608409430264444,
    3.519783804936664,
    3.6224818023634544,
    3.579893640039389,
    3.5069210136868825,
    3.5792754108523144,
    3.5375217518198148,
    3.594400599169633,
    3.5513146257204284,
    3.5244144127692705,
    3.615438954820358,
    3.6031237011583745,
    3.532684974709656,
    3.5635344972335754,
    3.5395247592847534,
    3.569299085640613,
    3.551764044742035,
    3.6001804865927363,
    3.7040403330767595,
    3.609390182259642,
    3.5472849661430703,
    3.5160875477417997,
    3.4863355493349304,
    3.5100874233638306,
    3.519668502572142,
    3.5434810575634366,
    3.517763021060959,
    3.5206625245726157,
    3.5101067225138345,
    3.50893083815712,
    3.522229630270122,
    3.5573250276071056,
    3.520845883177141,
    3.513001229046794,
    3.5036599979479126,
    3.5397669160317,
    3.506030755769078,
    3.5007836485105286,
    3.5068573156992593,
    3.490790239577431,
    3.4972511201238436,
    3.4993569272045244,
    3.492109106401357,
    3.4966062214148876,
    3.4869072976916904
  ],
  "val_acc": [
    0.823045267489712,
    0.823045267489712,
    2.4691358024691357,
    2.880658436213992,
    5.349794238683128,
    6.584362139917696,
    7.818930041152264,
    6.995884773662551,
    8.641975308641975,
    9.053497942386832,
    12.757201646090534,
    12.757201646090534,
    13.580246913580247,
    13.991769547325102,
    15.637860082304528,
    17.28395061728395,
    16.872427983539094,
    16.872427983539094,
    18.51851851851852,
    21.39917695473251,
    20.16460905349794,
    21.810699588477366,
    21.810699588477366,
    23.45679012345679,
    20.987654320987655,
    23.868312757201647,
    26.337448559670783,
    28.80658436213992,
    27.983539094650205,
    29.218106995884774,
    24.691358024691358,
    28.80658436213992,
    28.395061728395063,
    26.337448559670783,
    27.160493827160494,
    29.62962962962963,
    29.218106995884774,
    29.218106995884774,
    32.098765432098766,
    34.5679012345679,
    28.80658436213992,
    34.5679012345679,
    32.098765432098766,
    32.510288065843625,
    35.390946502057616,
    34.5679012345679,
    31.68724279835391,
    33.333333333333336,
    29.62962962962963,
    34.15637860082305,
    33.333333333333336,
    34.5679012345679,
    36.21399176954733,
    36.21399176954733,
    36.21399176954733,
    34.15637860082305,
    35.80246913580247,
    36.21399176954733,
    35.80246913580247,
    36.62551440329218,
    34.97942386831276,
    33.333333333333336,
    35.390946502057616,
    35.390946502057616,
    34.5679012345679,
    35.390946502057616,
    34.97942386831276,
    35.390946502057616,
    34.97942386831276,
    35.390946502057616,
    35.390946502057616,
    34.97942386831276,
    35.390946502057616,
    34.97942386831276,
    34.97942386831276
  ],