{
  "train_loss": [
    4.610418482867666,
    4.5654997459906745,
    4.447365118925082,
    4.326884689349809,
    4.197273090760148,
    4.128924641285674,
    4.019339266076552,
    3.9284602170379697,
    3.8467542728960455,
    3.793051481950248,
    3.7166768278461406,
    3.655715998412351,
    3.557460697937387,
    3.4682259318165136,
    3.399291654134805,
    3.3271929338618365,
    3.238822568951572,
    3.1654888732595077,
    3.097759638095207,
    2.9891856984989014,
    2.9008383509449316,
    2.8511824514075834,
    2.7674702479776028,
    2.686284636794759,
    2.6408507673906834,
    2.5852274205480703,
    2.543209062330608,
    2.448944960606368,
    2.4084902716948924,
    2.3520264555219352,
    2.284435387323505,
    2.221098043456776,
    2.1502519031307106,
    2.0660918619311546,
    2.0003053577014245,
    1.9563292141860917,
    1.9147817469627808,
    1.8552790823939276,
    1.8414456077733223,
    1.8148196840708235,
    1.8017031025863093,
    1.7496567140521084,
    1.7483332295450607,
    1.7275723023166112,
    1.7273120503861643,
    1.6706902558824657,
    1.6339723430903612,
    1.62858187953045,
    1.602010663631743,
    1.5599018123180348,
    1.518865162878496,
    1.52110107306065,
    1.501100843634929,
    1.5031132650000274,
    1.4748524477817082,
    1.460792423115133,
    1.4583705076425828,
    1.4400548105042945,
    1.4330310244827495,
    1.4254288375670696,
    1.4233869480641308,
    1.3945509444999131,
    1.3952197440137084,
    1.3831534749052634,
    1.3744124049868438,
    1.3822995448886117,
    1.3743219804623135,
    1.3731419519688879,
    1.3434855898104117,
    1.3642356393377104,
    1.3650441097064474,
    1.344571794849347,
    1.3577616003762305,
    1.3506986355242359,
    1.3483071845306878,
    1.347845644725811
  ],
  "train_acc": [
    0.8849557522123894,
    2.2615535889872174,
    2.2615535889872174,
    3.4414945919370696,
    4.621435594886922,
    6.096361848574238,
    8.062930186823992,
    8.751229105211406,
    8.849557522123893,
    11.504424778761061,
    11.9960668633235,
    11.897738446411013,
    14.847590953785645,
    17.895771878072765,
    17.6007866273353,
    19.567354965585054,
    23.303834808259587,
    24.680432645034415,
    26.15535889872173,
    31.465093411996065,
    33.92330383480826,
    33.43166175024582,
    39.33136676499508,
    40.41297935103245,
    43.657817109144545,
    43.1661750245821,
    44.44444444444444,
    49.557522123893804,
    49.65585054080629,
    52.99901671583088,
    55.260570304818096,
    57.03048180924287,
    58.898721730580135,
    62.438544739429695,
    65.19174041297936,
    66.76499508357915,
    69.71484759095378,
    72.66470009832841,
    72.95968534906588,
    74.13962635201574,
    74.33628318584071,
    76.69616519174042,
    76.8928220255654,
    76.8928220255654,
    77.38446411012782,
    79.1543756145526,
    80.53097345132744,
    81.71091445427729,
    84.66076696165192,
    84.75909537856441,
    86.23402163225173,
    85.84070796460178,
    86.62733529990167,
    88.20058997050147,
    88.20058997050147,
    88.10226155358899,
    89.38053097345133,
    90.4621435594887,
    90.3638151425762,
    90.65880039331367,
    89.6755162241888,
    92.23205506391348,
    91.64208456243854,
    90.65880039331367,
    91.74041297935104,
    91.44542772861357,
    92.62536873156343,
    91.93706981317601,
    93.80530973451327,
    91.83874139626352,
    92.03539823008849,
    93.41199606686332,
    92.92035398230088,
    92.23205506391348,
    93.80530973451327,
    92.62536873156343
  ],
  "val_loss": [
    4.600565284367942,
    4.5212424105577504,
    4.406401073000558,
    4.317374523775078,
    4.2396426220489625,
    4.2137204629403575,
    4.170113677350582,
    4.084177305668961,
    4.046379842875917,
    4.070391818819713,
    3.962596339943968,
    3.916307097109257,
    3.90163866875103,
    3.801287644193987,
    3.8979562771173173,
    3.7793896993001304,
    3.786620383399995,
    3.669011324030872,
    3.6864832703468733,
    3.6491313216126997,
    3.5827641281080833,
    3.610776738374812,
    3.609119296564487,
    3.583239822230712,
    3.7051533485145725,
    3.558014637158241,
    3.5890191347020153,
    3.6027912014305836,
    3.6460539794262545,
    3.6538281450546326,
    3.6389818623232744,
    3.5391974027264754,
    3.5411600713376647,
    3.5305690706512074,
    3.524802900636147,
    3.5782282499619473,
    3.595190320976477,
    3.5807054189988126,
    3.5657152717496143,
    3.5573572170587235,
    3.5646494563224382,
    3.6062418403939454,
    3.5207084824518904,
    3.601137930473673,
    3.520737787333045,
    3.5451532921182767,
    3.5304057293958624,
    3.5538671399340216,
    3.5413394249025196,
    3.5687759629002325,
    3.5204245759626476,
    3.556176453460882,
    3.5618886947631836,
    3.5866155800996005,
    3.6034248385409757,
    3.580143485049652,
    3.590697282626305,
    3.6021429619180814,
    3.583293738188567,
    3.6159177003083407,
    3.5897818190570723,
    3.5714479032367343,
    3.5598357587194247,
    3.557646439399248,
    3.5806778046329324,
    3.5638157850430336,
    3.5891093550395574,
    3.5957365654132984,
    3.5782305252404862,
    3.57201409830478,
    3.5671911769443088,
    3.577499492668811,
    3.5632291919409984,
    3.555489729461356,
    3.56781770466777,
    3.571724576714598
  ],
  "val_acc": [
    1.2345679012345678,
    2.4691358024691357,
    2.4691358024691357,
    4.526748971193416,
    4.11522633744856,
    6.172839506172839,
    6.584362139917696,
    7.818930041152264,
    6.995884773662551,
    7.407407407407407,
    10.2880658436214,
    11.11111111111111,
    12.345679012345679,
    14.40329218106996,
    13.991769547325102,
    14.40329218106996,
    17.695473251028808,
    18.930041152263374,
    20.16460905349794,
    20.987654320987655,
    23.868312757201647,
    19.34156378600823,
    24.691358024691358,
    25.925925925925927,
    24.691358024691358,
    27.983539094650205,
    26.337448559670783,
    25.102880658436213,
    23.868312757201647,
    23.868312757201647,
    25.925925925925927,
    25.925925925925927,
    28.395061728395063,
    27.57201646090535,
    28.80658436213992,
    28.395061728395063,
    29.62962962962963,
    28.395061728395063,
    30.45267489711934,
    29.62962962962963,
    31.275720164609055,
    30.041152263374485,
    32.098765432098766,
    28.395061728395063,
    30.041152263374485,
    31.68724279835391,
    30.864197530864196,
    30.864197530864196,
    31.68724279835391,
    30.45267489711934,
    31.68724279835391,
    32.098765432098766,
    31.68724279835391,
    32.510288065843625,
    31.275720164609055,
    31.68724279835391,
    30.45267489711934,
    32.098765432098766,
    30.041152263374485,
    32.098765432098766,
    33.333333333333336,
    33.333333333333336,
    32.92181069958848,
    32.92181069958848,
    32.92181069958848,
    33.333333333333336,
    31.68724279835391,
    31.68724279835391,
    31.275720164609055,
    31.68724279835391,
    31.275720164609055,
    32.098765432098766,
    32.92181069958848,
    33.333333333333336,
    32.92181069958848,
    31.68724279835391
  ],