{
  "train_loss": [
    4.602696857152318,
    4.546195395459351,
    4.412015574519965,
    4.255196527979953,
    4.125090698225308,
    4.006846728929728,
    3.8231329481861938,
    3.811995988515743,
    3.8029394220110238,
    3.816671490552034,
    3.710390054136368,
    3.6124866819897465,
    3.52797381552037,
    3.5100985323550544,
    3.419417820614465,
    3.281950085329564,
    3.284450679167651,
    3.3888805229051977,
    3.164212235072838,
    3.190534632466184,
    3.1472498400021442,
    3.1771345389393346,
    3.1141327346437917,
    3.156394845968151,
    3.0267844174346625,
    2.8220107848430924,
    2.950587536381409,
    2.9822542700209564,
    2.984716245675626,
    2.590991970360455,
    2.825045151696444,
    2.814159946572933,
    2.560044619889386,
    2.763554598377869,
    2.5832193472158007,
    2.504932935962283,
    2.6146439830813786,
    2.565463481282297,
    2.6397246592398824,
    2.4802611818941878,
    2.499290783731166,
    2.163942423541989,
    2.2514168604285314,
    2.084730457767273,
    2.278870435590941,
    2.269596181787924,
    2.3889059882131183,
    2.2420403511943836,
    2.2049580054062776,
    2.250708342067377,
    2.2248410705033774,
    2.3537446833641478,
    2.205732199529162,
    2.0446746914318763,
    2.394371580819699,
    1.9663758018844364,
    2.1654522130622977,
    2.2313371677548717,
    2.1650287066471847,
    1.840624901983473,
    2.022989883066513,
    2.089559141982387,
    2.1924447708542485,
    2.0601979271383293
  ],
  "train_acc": [
    1.4749262536873156,
    0.983284169124877,
    2.949852507374631,
    3.048180924287119,
    4.621435594886922,
    5.99803343166175,
    8.259587020648967,
    6.096361848574238,
    6.981317600786627,
    9.93117010816126,
    9.93117010816126,
    12.291052114060964,
    10.71779744346116,
    15.044247787610619,
    11.701081612586037,
    15.240904621435595,
    12.979351032448378,
    13.274336283185841,
    21.43559488692232,
    17.895771878072765,
    18.289085545722713,
    17.10914454277286,
    14.355948869223205,
    19.960668633235006,
    23.008849557522122,
    18.977384464110127,
    26.745329400196656,
    22.517207472959686,
    18.977384464110127,
    29.105211406096362,
    34.21828908554572,
    24.287118977384463,
    30.97345132743363,
    20.45231071779744,
    36.38151425762045,
    19.567354965585054,
    28.121927236971484,
    31.858407079646017,
    27.43362831858407,
    36.87315634218289,
    40.0196656833825,
    40.511307767944935,
    39.92133726647001,
    34.31661750245821,
    33.6283185840708,
    41.5929203539823,
    30.285152409046216,
    38.249754178957716,
    42.182890855457224,
    37.16814159292036,
    36.676499508357914,
    45.329400196656835,
    38.839724680432646,
    48.18092428711898,
    27.531956735496557,
    42.96951819075713,
    39.62635201573255,
    47.00098328416912,
    33.23500491642085,
    37.75811209439528,
    40.511307767944935,
    41.5929203539823,
    39.233038348082594,
    48.869223205506394
  ],
  "val_loss": [
    4.583018416730464,
    4.466800895738013,
    4.283492190357098,
    4.113821853826075,
    4.0228697066444425,
    3.9041148978496283,
    3.7613033316262956,
    3.7021740130436274,
    3.617232578772086,
    3.5930942969067106,
    3.561652825202471,
    3.486712321332453,
    3.449427802866869,
    3.44404514238177,
    3.3901400350248863,
    3.3600745152053517,
    3.3206336370711464,
    3.3262019598925554,
    3.2455501654511125,
    3.2518467294826428,
    3.2173915645222606,
    3.134508632338096,
    3.099444474703,
    3.138893699449767,
    3.0660256427011374,
    3.0419607456819513,
    3.0050692263944647,
    3.005218386159512,
    2.999335485230748,
    3.0701442883338457,
    3.0165648205290116,
    2.8837331077198924,
    2.9204598307118985,
    2.8785016556335576,
    2.852082387900647,
    2.828282379809721,
    2.8417272783601235,
    2.8390768565268183,
    2.774073657675535,
    2.833068281534768,
    2.7796033037052235,
    2.8147350240636757,
    2.7661618401484236,
    2.743649139325805,
    2.6896618540885515,
    2.727838488763252,
    2.6894250284006564,
    2.6538590349778226,
    2.645755787445194,
    2.6891924030005687,
    2.7084635658028686,
    2.6491426852504905,
    2.661125169369419,
    2.6801163904951433,
    2.650752801463437,
    2.672532685990196,
    2.6515522297517755,
    2.621604724185457,
    2.6065735718840926,
    2.662019731576551,
    2.6442561188843023,
    2.641867122532409,
    2.63755105650474,
    2.6449003415833774
  ],
  "val_acc": [
    1.2345679012345678,
    2.880658436213992,
    4.11522633744856,
    4.938271604938271,
    9.465020576131687,
    12.757201646090534,
    13.580246913580247,
    12.757201646090534,
    15.637860082304528,
    15.637860082304528,
    19.753086419753085,
    22.22222222222222,
    18.930041152263374,
    20.987654320987655,
    20.5761316872428,
    22.633744855967077,
    24.279835390946502,
    24.691358024691358,
    30.864197530864196,
    27.160493827160494,
    29.62962962962963,
    28.80658436213992,
    33.74485596707819,
    25.925925925925927,
    32.098765432098766,
    32.92181069958848,
    33.333333333333336,
    32.510288065843625,
    34.5679012345679,
    32.92181069958848,
    32.92181069958848,
    40.74074074074074,
    39.91769547325103,
    38.68312757201646,
    37.44855967078189,
    38.68312757201646,
    38.68312757201646,
    36.21399176954733,
    39.91769547325103,
    40.32921810699588,
    43.20987654320987,
    43.20987654320987,
    39.91769547325103,
    41.56378600823045,
    41.97530864197531,
    43.20987654320987,
    42.38683127572016,
    44.44444444444444,
    47.325102880658434,
    46.09053497942387,
    45.67901234567901,
    43.62139917695473,
    44.03292181069959,
    43.62139917695473,
    42.79835390946502,
    44.8559670781893,
    44.44444444444444,
    46.50205761316872,
    45.67901234567901,
    43.62139917695473,
    46.91358024691358,
    44.8559670781893,
    45.267489711934154,
    44.03292181069959
  ],
  "lr": [
    0.001,
    0.001,
    0.001,
    0.001,
    0.001,
    0.001,
    0.001,
    0.001,
    0.001,
    0.001,
    0.001,
    0.001,
    0.001,
    0.001,
    0.001,
    0.001,
    0.001,
    0.001,
    0.001,
    0.001,
    0.001,
    0.001,
    0.001,
    0.001,
    0.001,
    0.001,
    0.001,
    0.001,
    0.001,
    0.001,
    0.001,
    0.001,
    0.001,
    0.001,
    0.001,
    0.001,
    0.001,
    0.0005,
    0.0005,
    0.0005,
    0.0005,
    0.0005,
    0.0005,
    0.0005,
    0.0005,
    0.0005,
    0.00025,
    0.00025,
    0.00025,
    0.00025,
    0.00025,
    0.00025,
    0.00025,
    0.00025,
    0.000125,
    0.000125,
    0.000125,
    0.000125,
    0.000125,
    0.000125,
    6.25e-05,
    6.25e-05,
    6.25e-05,
    6.25e-05
  ]
}