{
  "train_loss": [
    4.60305882297317,
    4.5150319003777515,
    4.386395169335949,
    4.190717084100699,
    4.078907862290989,
    3.9805015891702475,
    3.972076896134848,
    3.809851082142593,
    3.826304947966554,
    3.73701513059723,
    3.648560558682932,
    3.6095440931610887,
    3.5271296641819596,
    3.38979692702917,
    3.4202089487861627,
    3.328887309765511,
    3.204767854047267,
    3.223428200128156,
    3.1957366070330084,
    3.1924653231452935,
    3.068431806658104,
    3.0368194734804046,
    3.009241532201026,
    3.1248050228332698,
    3.1149647467959243,
    3.0392186236123653,
    2.9981460801033615,
    2.7965692704874976,
    2.7687341547996946,
    2.7393319245753855,
    2.7320750662241946,
    2.715363888848379,
    2.796719628918253,
    2.6682823541241762,
    2.779925482111343,
    2.640386174210405,
    2.842887966564857,
    2.4510540172179307,
    2.6337378139927208,
    2.6437959035706498,
    2.715750201965152,
    2.530060080065957,
    2.6211748547493063,
    2.2643191774568963,
    2.4316249275863933,
    2.3733539117121065,
    2.372689503718501,
    2.1410667892754254,
    2.5758720197977687,
    2.3517663422587347,
    2.3316043869701226,
    2.127650803520968,
    2.438452110412433,
    2.2928294399377753,
    2.3818387553872378,
    2.252633246934754,
    2.17076579659386,
    2.257439444081504,
    2.226015772205304,
    2.380212568838219,
    2.270307682374,
    1.988394403410755,
    1.8768777376079278,
    2.185032169844666,
    2.0278457990438183,
    1.9605816487834633,
    2.0624772144981542,
    2.006273568438452,
    1.9254243591893738,
    2.3321182848546824,
    2.232118450434862,
    2.0139209693160383,
    1.834537086702495,
    1.692621141056747,
    2.038039770098211,
    1.9193672547767062,
    2.253901661673127,
    1.772464464430495,
    1.7225060702073538,
    1.7333727914440713,
    1.7979443305361587,
    1.6655094339901484,
    1.7031094030410256,
    1.9091022457696696,
    2.0475963970670072,
    1.9945886500817134,
    1.9739951043002373,
    1.6606976780802334,
    1.9125468620742903,
    1.9852968456705293,
    1.9396447410977344,
    1.823772353994694,
    2.006834550593103,
    1.570948518717418,
    1.8951142971260124,
    1.8119552501183345,
    1.7751501914674201,
    2.0023688984011008,
    1.743280204113723,
    2.1354869232534073
  ],
  "train_acc": [
    0.8849557522123894,
    2.55653883972468,
    2.2615535889872174,
    4.129793510324483,
    4.621435594886922,
    5.703048180924287,
    4.916420845624385,
    8.55457227138643,
    7.964601769911504,
    7.571288102261554,
    11.60275319567355,
    8.16125860373648,
    15.240904621435595,
    12.487708947885938,
    8.55457227138643,
    13.372664700098328,
    14.650934119960668,
    12.487708947885938,
    19.075712881022614,
    21.92723697148476,
    16.912487708947886,
    22.517207472959686,
    24.87708947885939,
    17.699115044247787,
    16.420845624385446,
    19.174041297935105,
    22.910521140609635,
    19.075712881022614,
    13.667649950835791,
    19.567354965585054,
    26.548672566371682,
    30.383480825958703,
    22.517207472959686,
    23.303834808259587,
    30.77679449360865,
    25.172074729596854,
    28.023598820058996,
    13.470993117010815,
    27.92527040314651,
    16.420845624385446,
    31.76007866273353,
    30.77679449360865,
    29.006882989183875,
    36.87315634218289,
    35.004916420845625,
    33.82497541789577,
    35.59488692232055,
    22.812192723697148,
    39.528023598820056,
    24.680432645034415,
    43.36283185840708,
    26.548672566371682,
    40.511307767944935,
    29.20353982300885,
    30.186823992133725,
    37.46312684365782,
    43.85447394296952,
    37.65978367748279,
    37.46312684365782,
    19.66568338249754,
    40.511307767944935,
    52.114060963618485,
    39.72468043264504,
    47.49262536873157,
    41.69124877089479,
    46.4110127826942,
    33.6283185840708,
    39.42969518190757,
    46.607669616519175,
    43.067846607669615,
    40.41297935103245,
    36.47984267453294,
    42.08456243854474,
    46.902654867256636,
    33.726647000983284,
    40.31465093411996,
    40.31465093411996,
    39.528023598820056,
    33.726647000983284,
    30.383480825958703,
    36.87315634218289,
    64.70009832841691,
    52.409046214355946,
    45.23107177974435,
    32.743362831858406,
    46.50934119960669,
    51.425762045231075,
    51.52409046214356,
    33.6283185840708,
    34.414945919370695,
    43.95280235988201,
    37.65978367748279,
    40.511307767944935,
    54.27728613569322,
    41.101278269419865,
    50.93411996066863,
    44.44444444444444,
    49.557522123893804,
    41.49459193706981,
    41.29793510324484
  ],
  "val_loss": [
    4.5855648507797175,
    4.450440400912438,
    4.245169003804524,
    4.085637952074593,
    3.990028071305389,
    3.907069496657132,
    3.817358171988907,
    3.7088076666058827,
    3.689138472325517,
    3.646031252150673,
    3.515755465982382,
    3.5488416314615634,
    3.4812856760535222,
    3.413022178681299,
    3.361900727935289,
    3.336053497016185,
    3.292847802119,
    3.2668602731492786,
    3.2408629238850786,
    3.2287096996856817,
    3.1995147108541104,
    3.0873545501457813,
    3.09274690730091,
    3.0797164479400885,
    3.095928571842335,
    3.049729535609116,
    3.0388936868910927,
    2.9552068445417614,
    3.025545231108803,
    3.0491757873645047,
    2.9687678990540682,
    2.916107165960618,
    2.919320378283905,
    2.8069485950862427,
    2.829595225338092,
    2.808690988477856,
    2.8987604835887013,
    2.7623531524045966,
    2.7334269712000716,
    2.7205581409940995,
    2.710224893358019,
    2.8202430907590887,
    2.7433445188734265,
    2.676237511536712,
    2.6894770414250377,
    2.7195211869698985,
    2.7135642418645536,
    2.7500406528206027,
    2.7549942334493003,
    2.7303664890336403,
    2.544060309727987,
    2.5818410429934904,
    2.5690141891746365,
    2.575907654232449,
    2.5835041077539262,
    2.5874166125623286,
    2.602055608490367,
    2.5660695794187944,
    2.546254231606001,
    2.5583299177664296,
    2.542801336005882,
    2.513124742625672,
    2.4945874861729,
    2.4899668153911954,
    2.490358650929643,
    2.502999266479241,
    2.484642564514537,
    2.5104350788603105,
    2.515251065477913,
    2.524457625400873,
    2.519350616039072,
    2.5025679299860824,
    2.4957844730267307,
    2.447986201494319,
    2.4269010981414545,
    2.448350167568819,
    2.444436000698388,
    2.46412762791041,
    2.474519065378134,
    2.474570708019743,
    2.4615219895241194,
    2.4399068453674944,
    2.4491215674474898,
    2.4388839786435352,
    2.447302147194191,
    2.4422345220306774,
    2.4425649446715054,
    2.441741054440722,
    2.4127552440627613,
    2.4254362445799904,
    2.4302653187096364,
    2.4151836932931907,
    2.416195370042275,
    2.4357037034054354,
    2.428945245075618,
    2.425854597562625,
    2.4271156699569136,
    2.437092163925799,
    2.4310590190651977,
    2.4299146932829556
  ],