{
  "train_loss": [
    4.609074038390213,
    4.567885884610367,
    4.389098264943651,
    4.21169926634932,
    4.047966484240492,
    3.923600058053916,
    3.8357898731850595,
    3.6974250245821043,
    3.6297697594266607,
    3.5556128627548294,
    3.4708307677900074,
    3.3607529295112064,
    3.2893204717157865,
    3.1951393209024164,
    3.1475965404698045,
    3.0730943693875563,
    3.0041263682535146,
    2.9292327799745483,
    2.850442846733326,
    2.8009305863019405,
    2.729204943046457,
    2.692142684902765,
    2.613240648042722,
    2.600218058804612,
    2.5742544445667996,
    2.462295493310649,
    2.411091960168049,
    2.3773527747879104,
    2.323757742944603,
    2.277690823919771,
    2.266167126573996,
    2.24433449142216,
    2.1663590738789757,
    2.1101206460181943,
    2.0727388944363287,
    2.05884513414246,
    2.01514699981862,
    2.0610523807615655,
    1.9660115068523816,
    1.9631804010978255,
    1.9403574687072545,
    1.890268617675016,
    1.8259703447216262,
    1.829448756918443,
    1.7826019709558028,
    1.8004582476826896,
    1.7505002668825222,
    1.7423788103968227,
    1.699135600289764,
    1.687652862177486,
    1.650754807152462,
    1.6409593514636553,
    1.5866875165566114,
    1.6132031822157704,
    1.5949272056830903,
    1.584018565677729,
    1.5583683330869722,
    1.544596470445541,
    1.5143208843651306,
    1.511113709053107,
    1.499147737155153,
    1.500530703346755,
    1.4846405313664364,
    1.4020712957035242,
    1.382066969440164,
    1.368306937588117,
    1.357124522372333,
    1.3311842453749365,
    1.3240951943186532,
    1.3044865151304996,
    1.3169188623700288,
    1.2749614630008048,
    1.2856226940305067,
    1.2678083581089856,
    1.2686705217717789,
    1.233769032455827,
    1.2237657700081959,
    1.2407974397421118,
    1.2677382281161809,
    1.2607548860439275,
    1.2148915788299801,
    1.2285796290184778,
    1.2061868632906423,
    1.1919599981317361,
    1.170195683851589,
    1.1790795870117967,
    1.1753711646519813,
    1.1630365515646095,
    1.1708364417536539,
    1.1655943814514895,
    1.1502956382878997,
    1.1421818841054612
  ],
  "train_acc": [
    0.39331366764995085,
    2.949852507374631,
    5.2114060963618485,
    5.703048180924287,
    7.767944936086529,
    7.571288102261554,
    9.83284169124877,
    11.897738446411013,
    13.765978367748279,
    14.454277286135694,
    16.71583087512291,
    20.15732546705998,
    23.008849557522122,
    24.188790560471976,
    26.057030481809242,
    27.04031465093412,
    31.366764995083578,
    31.956735496558505,
    33.92330383480826,
    38.15142576204523,
    38.74139626352016,
    39.42969518190757,
    41.98623402163225,
    41.29793510324484,
    43.461160275319564,
    47.1976401179941,
    49.75417895771878,
    50.442477876106196,
    54.17895771878073,
    53.68731563421829,
    54.96558505408063,
    56.44051130776794,
    57.227138643067846,
    60.07866273352999,
    60.07866273352999,
    62.24188790560472,
    63.61848574237955,
    62.53687315634218,
    64.70009832841691,
    64.70009832841691,
    67.45329400196657,
    69.5181907571288,
    70.59980334316617,
    70.4031465093412,
    73.94296951819075,
    71.976401179941,
    74.23795476892822,
    73.25467059980335,
    76.40117994100295,
    75.90953785644051,
    77.08947885939037,
    77.08947885939037,
    80.13765978367748,
    78.66273352999016,
    79.54768928220255,
    81.31760078662734,
    82.30088495575221,
    80.23598820058997,
    83.1858407079646,
    82.49754178957718,
    84.95575221238938,
    83.57915437561455,
    82.79252704031465,
    87.61061946902655,
    88.29891838741396,
    88.69223205506391,
    89.08554572271386,
    91.05211406096362,
    89.77384464110128,
    92.33038348082596,
    91.83874139626352,
    91.93706981317601,
    92.13372664700098,
    93.01868239921338,
    92.33038348082596,
    94.98525073746313,
    94.00196656833825,
    93.70698131760079,
    92.7236971484759,
    92.7236971484759,
    94.59193706981317,
    94.19862340216322,
    94.88692232055064,
    95.28023598820059,
    96.55850540806293,
    96.65683382497542,
    95.968534906588,
    96.26352015732547,
    95.968534906588,
    95.57522123893806,
    96.55850540806293,
    96.8534906588004
  ],
  "val_loss": [
    4.592963646468802,
    4.478440783151383,
    4.282190332687441,
    4.138589562702571,
    3.980582798459402,
    3.9168024848027483,
    3.8555458504476663,
    3.734188480141722,
    3.728307838793154,
    3.597548908657498,
    3.528598746154534,
    3.4944179489779374,
    3.4167803364035523,
    3.3636420126314515,
    3.285878970299238,
    3.2989846541557784,
    3.310951406573072,
    3.254451112001521,
    3.1910915217772433,
    3.185401665330424,
    3.1537149148713413,
    3.1365608501826783,
    3.102738185183992,
    3.103939232021693,
    3.0186611409049955,
    3.0923788518081476,
    3.0125316847499017,
    3.056334331692982,
    3.0145799024605457,
    3.014829399163831,
    2.9885860853234436,
    2.8977225601918413,
    2.9689115173041576,
    2.889107344081863,
    2.8460080358717175,
    2.9298761999656144,
    2.9198555985595953,
    2.877163612302929,
    2.9075223330117055,
    2.8931133050486877,
    2.864521320955253,
    2.8956161693290428,
    2.8826077926306075,
    2.863168150309182,
    2.908490510634434,
    2.9209635032057273,
    2.917357603708903,
    2.9187223754301974,
    2.835422922063757,
    2.9750875023657404,
    2.886862532101541,
    2.9017265676961514,
    2.889826181984733,
    2.9513973395029702,
    2.866481194280303,
    2.8539082228892134,
    2.8340485517870744,
    2.870889702942146,
    2.9115542374520635,
    2.8106869464057955,
    2.830898956016258,
    2.8204203790107383,
    2.8355108926325667,
    2.763603406678502,
    2.80682209882226,
    2.7806956032176076,
    2.766700526814402,
    2.7821235548812178,
    2.815612172884215,
    2.8081031610936296,
    2.7927147527781044,
    2.783123377419303,
    2.737312155986519,
    2.779713766074475,
    2.7559398947429266,
    2.7484158998654213,
    2.7470599143102827,
    2.7420493310371055,
    2.767515776088699,
    2.7105657446041027,
    2.715803538820871,
    2.7191154456432955,
    2.7493168895627247,
    2.7141882863064364,
    2.758902553668238,
    2.7360219180338667,
    2.6837775020442383,
    2.722427610507227,
    2.7236817108750833,
    2.7126698454711664,
    2.733854413523105,
    2.697136161749255
  ],