{
  "train_loss": [
    4.60757172471068,
    4.5563137693039435,
    4.317118012213543,
    4.154241023162122,
    4.045023889551003,
    3.9450388625190906,
    3.8277810813168625,
    3.742735058860441,
    3.650104947966929,
    3.5856904097362956,
    3.515862569696432,
    3.4195621923242228,
    3.3688889703216103,
    3.291404776634134,
    3.1972105995392024,
    3.172348578536522,
    3.079405852592566,
    2.977086089939729,
    2.931439106208854,
    2.871958516457557,
    2.831176985212718,
    2.743370972551779,
    2.7236136761855705,
    2.6396023317541464,
    2.619695799892279,
    2.5596216205533158,
    2.514178605675111,
    2.479100889629788,
    2.403819448945562,
    2.3621073303672766,
    2.3507791747034124,
    2.2914957411755736,
    2.249088638768904,
    2.1970980519038736,
    2.150144277186286,
    2.1566196252228353,
    2.069874449348262,
    2.0525499224779997,
    2.002224629373091,
    1.9606314997171348,
    1.930445153570222,
    1.9086855025183604,
    1.8810444407992892,
    1.8621250518772572,
    1.8696556299954155,
    1.8206686753204555,
    1.7940780638241838,
    1.7440244748294647,
    1.7395793847747023,
    1.7267636718299888,
    1.673982385337177,
    1.6664228150978202,
    1.6125203351121151,
    1.5530487215741664,
    1.5238659705384292,
    1.4906283927643662,
    1.498636390490049,
    1.4619841146609776,
    1.472766281463638,
    1.473459992554101,
    1.4315493399883559,
    1.40299435796522,
    1.3980084050487043,
    1.381496632462523,
    1.3893281846154286,
    1.4118839714496654,
    1.3839186895327347,
    1.3836223003083625,
    1.3384880179149212,
    1.355573839377044,
    1.3030254756454873,
    1.2858644943087267,
    1.2870300762069613,
    1.272254363742667,
    1.271481307089739,
    1.2641066782828512,
    1.249051798292552,
    1.2691244467169838,
    1.2576253536059325
  ],
  "train_acc": [
    1.5732546705998034,
    3.146509341199607,
    3.8348082595870205,
    5.2114060963618485,
    7.374631268436578,
    8.259587020648967,
    9.93117010816126,
    12.684365781710914,
    13.765978367748279,
    15.339233038348082,
    16.32251720747296,
    17.010816125860373,
    20.255653883972467,
    20.45231071779744,
    25.467059980334316,
    22.910521140609635,
    25.565388397246803,
    29.596853490658802,
    29.891838741396263,
    33.6283185840708,
    35.004916420845625,
    37.266470009832844,
    40.117994100294986,
    41.101278269419865,
    42.379547689282205,
    43.657817109144545,
    46.31268436578171,
    47.78761061946903,
    48.18092428711898,
    51.22910521140609,
    49.852507374631266,
    53.392330383480825,
    54.670599803343165,
    58.210422812192725,
    58.70206489675516,
    58.11209439528024,
    61.65191740412979,
    61.65191740412979,
    65.48672566371681,
    65.78171091445428,
    66.27335299901672,
    68.73156342182891,
    70.69813176007867,
    69.91150442477876,
    69.41986234021633,
    71.38643067846607,
    72.46804326450344,
    75.61455260570305,
    74.33628318584071,
    74.23795476892822,
    77.97443461160276,
    77.87610619469027,
    78.26941986234021,
    82.3992133726647,
    83.2841691248771,
    83.87413962635202,
    84.16912487708947,
    85.54572271386431,
    86.23402163225173,
    85.05408062930186,
    86.62733529990167,
    89.08554572271386,
    87.90560471976401,
    88.88888888888889,
    88.0039331366765,
    87.70894788593904,
    88.7905604719764,
    88.0039331366765,
    89.47885939036381,
    90.16715830875123,
    92.33038348082596,
    92.33038348082596,
    92.42871189773845,
    92.8220255653884,
    92.33038348082596,
    93.6086529006883,
    94.3952802359882,
    93.70698131760079,
    94.59193706981317
  ],
  "val_loss": [
    4.600909376340638,
    4.432780552302859,
    4.220784236374215,
    4.153454045699948,
    4.060559281596431,
    3.9258547633763694,
    3.8542112107139554,
    3.763017004900018,
    3.6852068145579273,
    3.602050873477763,
    3.5637951103257546,
    3.483377395833961,
    3.426527076297336,
    3.393088062113695,
    3.388040040255574,
    3.37896802984638,
    3.3742510566005,
    3.2866436915142545,
    3.2334065064481257,
    3.197529661312025,
    3.18523510983942,
    3.165366764421816,
    3.1354252006781933,
    3.11961748766801,
    3.061100541809459,
    3.005123915495696,
    3.0751532448662653,
    3.026220552224681,
    3.0343873549881297,
    3.017701184308087,
    2.969374220067091,
    2.9597879643302885,
    2.9337909113723066,
    2.9399671986269853,
    2.9259981029808766,
    2.8865831447726906,
    2.968971148439886,
    2.8684237219178628,
    2.85507219809073,
    2.8607384638531217,
    2.910294839874707,
    2.8330284744623757,
    2.864344408482681,
    2.97917738078553,
    2.899985426247365,
    2.807691817420991,
    2.775897374368989,
    2.9039975537194147,
    2.8761742360307356,
    2.8264527212935713,
    2.8506861321720076,
    2.827519166616746,
    2.72852928844499,
    2.7640229144704684,
    2.8337041949048456,
    2.785189716904252,
    2.7678928198637784,
    2.791298689665618,
    2.753231136887162,
    2.8679417577790627,
    2.775662663542194,
    2.836791070891015,
    2.828613342081078,
    2.8022432386139293,
    2.8542383865073875,
    2.819128347522437,
    2.8556372775953003,
    2.817047283973223,
    2.8627662835297762,
    2.7591892485755953,
    2.780764971250369,
    2.817195058359531,
    2.791590498798669,
    2.8064194167101824,
    2.8185589284072687,
    2.7943272865358204,
    2.7950208412766946,
    2.8199947066758395,
    2.815881527009815
  ],
  "val_acc": [
    1.646090534979424,
    2.4691358024691357,
    3.7037037037037037,
    6.172839506172839,
    8.23045267489712,
    10.2880658436214,
    10.699588477366255,
    10.699588477366255,
    13.580246913580247,
    13.991769547325102,
    16.049382716049383,
    17.28395061728395,
    20.987654320987655,
    18.51851851851852,
    21.39917695473251,
    23.45679012345679,
    24.279835390946502,
    26.337448559670783,
    27.57201646090535,
    28.395061728395063,
    31.68724279835391,
    29.62962962962963,
    31.68724279835391,
    29.62962962962963,
    34.5679012345679,
    36.21399176954733,
    34.5679012345679,
    35.390946502057616,
    35.390946502057616,
    35.80246913580247,
    36.21399176954733,
    39.50617283950617,
    40.74074074074074,
    38.68312757201646,
    40.74074074074074,
    43.62139917695473,
    42.79835390946502,
    41.1522633744856,
    44.03292181069959,
    43.62139917695473,
    44.03292181069959,
    44.44444444444444,
    44.8559670781893,
    40.32921810699588,
    42.79835390946502,
    45.67901234567901,
    45.67901234567901,
    44.8559670781893,
    41.1522633744856,
    44.03292181069959,
    44.8559670781893,
    43.62139917695473,
    47.325102880658434,
    46.50205761316872,
    44.8559670781893,
    48.148148148148145,
    47.73662551440329,
    46.91358024691358,
    48.97119341563786,
    47.325102880658434,
    47.325102880658434,
    46.09053497942387,
    46.09053497942387,
    49.794238683127574,
    45.67901234567901,
    47.325102880658434,
    46.50205761316872,
    45.67901234567901,
    46.91358024691358,
    48.97119341563786,
    48.148148148148145,
    47.73662551440329,
    47.73662551440329,
    48.148148148148145,
    47.73662551440329,
    46.91358024691358,
    47.73662551440329,
    47.73662551440329,
    47.73662551440329
  ],