{
  "train_loss": [
    4.6097532542405935,
    4.577521258047549,
    4.427488676800723,
    4.209160710740816,
    4.073515981582297,
    3.9343181205006825,
    3.8170255004128877,
    3.699666240339551,
    3.605931806939424,
    3.5211431368262365,
    3.432004378374113,
    3.384285644326824,
    3.3072207370221673,
    3.202187084753136,
    3.1043290318289336,
    3.067071441586625,
    3.004038496589473,
    2.9565206122609364,
    2.862622717019965,
    2.8088066223917223,
    2.7673447668962656,
    2.6859548474014567,
    2.633412985909536,
    2.5828150966760566,
    2.5006201114860844,
    2.504017146756633,
    2.4765168853917303,
    2.381250923010452,
    2.3332651854733566,
    2.3081470750191686,
    2.2499660198432974,
    2.1995925401633234,
    2.1833748301690776,
    2.113642788683536,
    2.0855195327728784,
    2.0701211000496893,
    2.0221552989475846,
    2.025948223228417,
    1.9478854331295048,
    1.8980056286561453,
    1.847343161277246,
    1.770707385261033,
    1.7022272391774076,
    1.7110884446310082,
    1.6942728044009139,
    1.670494188132422,
    1.651421606364855,
    1.6047439882302823,
    1.6041134187957178,
    1.5610605685760137,
    1.529752507908389,
    1.549698007141946,
    1.4947147600301482,
    1.5024857525745794,
    1.5082580958847451,
    1.475026166310118,
    1.4789132197463524,
    1.4512797422934187,
    1.4360490663447798,
    1.4486931608138183,
    1.4218383665281762,
    1.4286400954163063,
    1.4132852529705802,
    1.409480183173773,
    1.404635926615172,
    1.3887522933288545,
    1.3925042625959878
  ],
  "train_acc": [
    1.1799410029498525,
    2.753195673549656,
    2.753195673549656,
    5.408062930186824,
    5.899705014749262,
    7.767944936086529,
    10.422812192723697,
    12.979351032448378,
    13.569321533923304,
    17.10914454277286,
    18.09242871189774,
    19.075712881022614,
    19.567354965585054,
    23.50049164208456,
    26.253687315634217,
    25.073746312684367,
    29.891838741396263,
    31.170108161258604,
    34.11996066863323,
    37.266470009832844,
    36.18485742379548,
    39.72468043264504,
    41.396263520157326,
    41.5929203539823,
    45.82104228121927,
    43.26450344149459,
    46.70599803343166,
    51.720747295968536,
    53.392330383480825,
    52.114060963618485,
    56.538839724680436,
    56.538839724680436,
    56.14552605703048,
    57.32546705998033,
    60.57030481809243,
    62.63520157325467,
    63.91347099311701,
    64.40511307767945,
    67.64995083579154,
    68.53490658800393,
    71.58308751229106,
    74.92625368731564,
    75.51622418879056,
    76.10619469026548,
    76.40117994100295,
    78.76106194690266,
    80.53097345132744,
    81.71091445427729,
    80.039331366765,
    82.59587020648968,
    83.9724680432645,
    83.38249754178958,
    85.05408062930186,
    84.56243854473944,
    85.64405113077679,
    87.11897738446412,
    86.4306784660767,
    88.20058997050147,
    87.61061946902655,
    87.02064896755162,
    88.98721730580138,
    88.0039331366765,
    88.59390363815143,
    89.18387413962635,
    90.26548672566372,
    88.20058997050147,
    88.88888888888889
  ],
  "val_loss": [
    4.598324079081846,
    4.52767583666515,
    4.310525642991556,
    4.1450516010017555,
    4.008912516228946,
    3.9177125864068176,
    3.815823411745299,
    3.7040913566149802,
    3.677589253633601,
    3.5375516345962086,
    3.463041166219201,
    3.436662136281959,
    3.3116083674960666,
    3.3298430305449562,
    3.2509688320473877,
    3.22123886822673,
    3.190831311936241,
    3.159531497170405,
    3.1138297893382885,
    3.1291142883614746,
    3.0763325995378534,
    3.070763311268371,
    3.01165767657904,
    2.9936352482548467,
    3.0053069611145147,
    2.997505145798985,
    2.9842236679767877,
    2.925381436760043,
    2.9593108612814065,
    2.874312655915939,
    2.8479879029984336,
    2.8662174189532243,
    2.843800305339044,
    2.7772253668357316,
    2.8300628093044455,
    2.805508784305902,
    2.8722164856553567,
    2.809605626902953,
    2.80068698832037,
    2.819266157385744,
    2.717134954507459,
    2.755131405567436,
    2.7139569378684087,
    2.737602396757024,
    2.747776664333579,
    2.6915955935976634,
    2.6953418048811546,
    2.7265288780746144,
    2.7614043494801463,
    2.725430790779522,
    2.6856018790492304,
    2.692915824215108,
    2.656078886102747,
    2.657439629236857,
    2.6867084709214577,
    2.676368693755978,
    2.7106827394461925,
    2.7003661919032593,
    2.699135041531221,
    2.6880633958573203,
    2.684827081460521,
    2.690666080992899,
    2.6907331619733648,
    2.687259311048092,
    2.691405446441085,
    2.693493297561206,
    2.693394123281471
  ],
  "val_acc": [
    1.646090534979424,
    4.11522633744856,
    5.761316872427984,
    5.349794238683128,
    8.23045267489712,
    9.465020576131687,
    11.934156378600823,
    15.22633744855967,
    14.40329218106996,
    17.695473251028808,
    19.753086419753085,
    18.51851851851852,
    21.39917695473251,
    24.279835390946502,
    22.633744855967077,
    23.868312757201647,
    27.983539094650205,
    28.395061728395063,
    32.510288065843625,
    24.691358024691358,
    32.92181069958848,
    34.5679012345679,
    30.041152263374485,
    34.97942386831276,
    36.21399176954733,
    39.09465020576132,
    36.21399176954733,
    39.50617283950617,
    35.80246913580247,
    37.86008230452675,
    42.79835390946502,
    37.86008230452675,
    42.79835390946502,
    44.44444444444444,
    38.27160493827161,
    41.97530864197531,
    39.50617283950617,
    39.91769547325103,
    42.38683127572016,
    44.03292181069959,
    41.97530864197531,
    46.09053497942387,
    48.559670781893004,
    46.09053497942387,
    45.267489711934154,
    46.50205761316872,
    47.325102880658434,
    45.67901234567901,
    46.91358024691358,
    46.09053497942387,
    48.559670781893004,
    50.205761316872426,
    49.382716049382715,
    48.97119341563786,
    48.559670781893004,
    48.97119341563786,
    47.325102880658434,
    49.794238683127574,
    49.794238683127574,
    49.794238683127574,
    49.382716049382715,
    49.382716049382715,
    48.97119341563786,
    48.97119341563786,
    48.97119341563786,
    48.559670781893004,
    48.148148148148145
  ],
  "lr": [
    0.001,
    0.001,
    0.001,
    0.001,
    0.001,
    0.001,
    0.001,
    0.001,
    0.001,
    0.001,
    0.001,
    0.001,
    0.001,
    0.001,
    0.001,
    0.001,
    0.001,
    0.001,
    0.001,
    0.001,
    0.001,
    0.001,
    0.001,
    0.001,
    0.001,
    0.001,
    0.001,
    0.001,
    0.001,
    0.001,
    0.001,
    0.001,
    0.001,
    0.001,
    0.001,
    0.001,
    0.001,
    0.001,
    0.001,
    0.0005,
    0.0005,
    0.0005,
    0.0005,
    0.0005,
    0.0005,
    0.0005,
    0.0005,
    0.0005,
    0.00025,
    0.00025,
    0.00025,
    0.00025,
    0.00025,
    0.00025,
    0.00025,
    0.00025,
    0.00025,
    0.000125,
    0.000125,
    0.000125,
    0.000125,
    0.000125,
    0.000125,
    6.25e-05,
    6.25e-05,
    6.25e-05,
    6.25e-05
  ]
}