{
  "train_loss": [
    4.605513860576859,
    4.550440350347798,
    4.4483375493052435,
    4.323912908897287,
    4.15935383340016,
    4.151400908842434,
    4.034130962431841,
    3.9829525670939607,
    4.039124470075909,
    3.8493444406177444,
    3.8702234917099614,
    3.7225493496263744,
    3.702872326240427,
    3.670918718786249,
    3.539687961252038,
    3.4796314044922387,
    3.520797924775055,
    3.603837777731341,
    3.2817916823230546,
    3.36724664843774,
    3.3430416588703555,
    3.3075441742130907,
    3.350963310740573,
    3.381588392904726,
    3.218947188809675,
    3.0087747937224023,
    3.278503320444533,
    3.035012033250597,
    3.1629082783836884,
    2.9785313235857727,
    3.14160960168379,
    3.0538439823345684,
    3.192356882779882,
    2.967875687890817,
    3.0711829291918518,
    3.08856343168073,
    2.929091498563423,
    2.985526302453925,
    2.9225842638587762,
    2.8571265993333963,
    2.8757078593693888,
    2.8300577757281187,
    2.68773700869775,
    2.92946727378999,
    2.7080531228139573,
    2.6017612904573966,
    2.807606581389728,
    2.8077136823209687,
    2.6711572400470986,
    2.812845582338444,
    2.9227899398541144,
    2.6518487175422902,
    2.8384799052363183,
    2.8137836847802298,
    2.613524058106609,
    2.304824218168606,
    2.658317979692592,
    2.563098379527104,
    2.604992362250269,
    2.599926782099781,
    2.5469438549105514,
    2.620450297874218,
    2.6581071574193302,
    2.373417143507576,
    2.2519560136860686,
    2.2833177234570887,
    2.451737627753349,
    2.5544154803427035,
    2.4193828797504495,
    2.2650554954947038,
    2.085302023292174,
    2.1940887500637283,
    2.1849521825212763,
    2.148384514811468,
    2.2459689654197432,
    2.2657001785120783,
    2.305730438513742,
    2.1653408935053626,
    2.188282040368139,
    2.2864875262465802,
    2.2789112511168774,
    2.185574644903635,
    2.468776566909595,
    1.8939364094767013,
    2.30957756258159,
    2.1150497187555364,
    2.2021636329920944,
    2.0602250721602315,
    2.2413464690848905,
    2.2034355513348576,
    2.0731853157604223,
    2.2694958871561988,
    2.0609978514786667,
    1.8661963477833317,
    2.380131829570294,
    1.8140611471562493,
    2.04646669259348,
    2.427603607215244,
    2.3005167571727037,
    1.9050114703389396
  ],
  "train_acc": [
    0.8849557522123894,
    1.7699115044247788,
    2.1632251720747298,
    3.933136676499508,
    4.818092428711898,
    3.8348082595870205,
    5.3097345132743365,
    7.374631268436578,
    6.784660766961652,
    8.947885939036382,
    8.062930186823992,
    11.307767944936087,
    9.144542772861357,
    11.012782694198624,
    13.470993117010815,
    11.60275319567355,
    12.586037364798427,
    16.519174041297934,
    14.847590953785645,
    21.828908554572273,
    15.634218289085545,
    18.87905604719764,
    15.240904621435595,
    19.66568338249754,
    15.142576204523108,
    14.847590953785645,
    18.289085545722713,
    23.795476892822027,
    21.533923303834808,
    18.09242871189774,
    21.730580137659782,
    22.910521140609635,
    21.43559488692232,
    15.044247787610619,
    20.255653883972467,
    22.123893805309734,
    24.287118977384463,
    24.582104228121928,
    26.352015732546707,
    28.613569321533923,
    27.236971484759096,
    26.94198623402163,
    23.795476892822027,
    26.548672566371682,
    27.728613569321535,
    30.186823992133725,
    32.35004916420846,
    26.94198623402163,
    28.121927236971484,
    31.563421828908556,
    29.006882989183875,
    33.43166175024582,
    19.960668633235006,
    37.561455260570305,
    41.69124877089479,
    32.055063913470995,
    44.24778761061947,
    32.54670599803343,
    37.85644051130777,
    30.97345132743363,
    31.563421828908556,
    40.60963618485742,
    34.21828908554572,
    27.92527040314651,
    42.96951819075713,
    35.889872173058016,
    29.596853490658802,
    31.76007866273353,
    42.772861356932154,
    30.77679449360865,
    26.057030481809242,
    32.15339233038348,
    55.55555555555556,
    46.31268436578171,
    39.823008849557525,
    32.94001966568338,
    50.835791543756145,
    41.69124877089479,
    40.90462143559488,
    31.170108161258604,
    44.14945919370698,
    30.678466076696164,
    40.41297935103245,
    47.49262536873157,
    33.03834808259587,
    51.81907571288102,
    40.70796460176991,
    36.38151425762045,
    44.64110127826942,
    32.055063913470995,
    37.06981317600787,
    37.954768928220254,
    48.18092428711898,
    44.051130776794494,
    44.346116027531956,
    44.24778761061947,
    50.93411996066863,
    42.87118977384464,
    46.214355948869226,
    39.13470993117011
  ],
  "val_loss": [
    4.585398554311368,
    4.478220023245478,
    4.268572866180797,
    4.17868073879446,
    4.011395585880358,
    3.9315825813591725,
    3.809281903529854,
    3.7774013599741116,
    3.7686573154151195,
    3.6829657250471075,
    3.665732130592252,
    3.570021440953384,
    3.5397597575874484,
    3.5405200911156927,
    3.481590363223857,
    3.3389334188076694,
    3.3910745838542042,
    3.3546170697781283,
    3.2663290961779685,
    3.2162559836980247,
    3.1724985234531355,
    3.1749271757808732,
    3.1133529207834,
    3.065534618165758,
    3.065217877611702,
    3.0350277433670105,
    3.031170193550518,
    2.978136158774419,
    3.0010769004193842,
    2.945527388725752,
    2.933673630035463,
    3.0498475822401634,
    2.985940093366207,
    2.854246909726304,
    2.9147110770268694,
    2.9052619168787825,
    2.838402299723998,
    2.8067282757150784,
    2.8190656620779153,
    2.840445791252356,
    2.7919716952759543,
    2.7981006804807684,
    2.7665582340931207,
    2.703555927355103,
    2.7719372113545737,
    2.700676306775568,
    2.6717378102212286,
    2.6823593098440286,
    2.7060510690320174,
    2.6699816425150806,
    2.63894945015142,
    2.606840392689646,
    2.649212442798379,
    2.654155435876101,
    2.6606977270463856,
    2.628106845259176,
    2.6484741752530323,
    2.6094244223072693,
    2.61339971754286,
    2.622300524770478,
    2.6237353552516107,
    2.6770401364000738,
    2.611478321836809,
    2.523112963256522,
    2.550648799158418,
    2.533002434444035,
    2.5481964845225646,
    2.5730050159579934,
    2.5717799084667314,
    2.556520938873291,
    2.494371639848246,
    2.458247929443548,
    2.4784656434392733,
    2.4728647642174866,
    2.4523607860376804,
    2.4351934896084506,
    2.453087161107318,
    2.454239156511095,
    2.46200031115685,
    2.430832563604347,
    2.4775600070325434,
    2.4420729115176103,
    2.409107364254233,
    2.358369500548751,
    2.4010363694571666,
    2.3792247674102156,
    2.4001354199868663,
    2.431431078616484,
    2.4501172505288458,
    2.464161739427857,
    2.4519865522659363,
    2.401599053983335,
    2.4369345898490873,
    2.4566608691902316,
    2.4136993718245394,
    2.414357100985178,
    2.4144066979365095,
    2.3971459139521722,
    2.39621596130324,
    2.3962953512560685
  ],