{
  "train_loss": [
    4.597677820668928,
    4.525878147624118,
    4.429011661863374,
    4.3188525254278645,
    4.2319814237521465,
    4.1511329446453145,
    4.148251833582815,
    4.034386023424837,
    3.985305007345674,
    3.943150713966542,
    3.872815621637665,
    3.772112098766991,
    3.733370086788076,
    3.7282403919666334,
    3.670201143097854,
    3.465889444276178,
    3.6433250995512205,
    3.436163955967921,
    3.4323990204341293,
    3.422937028644828,
    3.4754188616367214,
    3.263296745050856,
    3.2546504643345537,
    3.1279199088217586,
    3.2117621307879425,
    3.100139437875213,
    3.154663888636826,
    3.048951805399817,
    3.2841245438848623,
    2.9319609702512577,
    3.0378675552244383,
    3.1387859056598435,
    3.0387311741314105,
    2.7120901513826414,
    2.7187629151602177,
    2.85883069905794,
    2.694008870345184,
    2.8923419909725734,
    2.5307763805548817,
    2.616649583143236,
    2.885044515660379,
    2.871974639836314,
    2.6600773346224833,
    2.76687013716121,
    2.7122110706280584,
    2.4127486504636333,
    2.5712058870021104,
    2.7389348922343144,
    2.7619080967842184,
    2.384421590624071,
    2.389128703986649,
    2.7688994545969403,
    2.433103588830053,
    2.5546240267383196,
    2.482064303043669,
    2.2643458615830983,
    2.302548703190851,
    2.3327137228310284,
    2.62465427172688,
    2.499970355568382,
    2.1779225739992003,
    2.3429983044327067,
    2.4787171413295974,
    2.2582023133218816,
    2.298444998885561,
    2.2474566509355602,
    2.364154191026528,
    2.2523667439598603,
    2.3016529500543075,
    2.1459874656699753,
    2.380182489884638,
    2.178580366053061,
    2.3414284303828325,
    2.1253424539444135,
    2.458472025898471,
    2.463459562059701,
    2.3391654191350044,
    2.1138059851459814,
    2.1206661349083706,
    2.3084399369613964,
    2.3953265360791893,
    2.057758440310273,
    2.228053246275865,
    2.1853201326015776,
    2.2303852297680686,
    2.330193328411999,
    2.2636755327442284,
    2.0712075830092003,
    2.3642774655052343,
    2.30191553729122,
    2.0208814488751345,
    2.4209828897211754,
    2.1534635463881515,
    2.2475155541561582,
    2.0374832254126596,
    2.5696487351739186
  ],
  "train_acc": [
    1.376597836774828,
    1.5732546705998034,
    2.55653883972468,
    4.2281219272369714,
    4.424778761061947,
    4.818092428711898,
    5.014749262536873,
    4.916420845624385,
    6.1946902654867255,
    7.276302851524091,
    8.55457227138643,
    11.9960668633235,
    11.799410029498524,
    10.127826941986234,
    12.094395280235988,
    13.372664700098328,
    7.866273352999016,
    14.945919370698132,
    13.569321533923304,
    12.487708947885938,
    17.895771878072765,
    17.305801376597838,
    23.303834808259587,
    19.37069813176008,
    19.567354965585054,
    18.58407079646018,
    23.402163225172075,
    23.402163225172075,
    24.48377581120944,
    26.745329400196656,
    24.87708947885939,
    24.287118977384463,
    29.49852507374631,
    30.77679449360865,
    27.826941986234022,
    33.92330383480826,
    35.39823008849557,
    28.41691248770895,
    40.21632251720747,
    22.123893805309734,
    31.071779744346117,
    33.43166175024582,
    26.843657817109143,
    36.57817109144543,
    29.596853490658802,
    35.59488692232055,
    34.21828908554572,
    43.75614552605703,
    32.84169124877089,
    33.82497541789577,
    35.9882005899705,
    25.958702064896755,
    41.69124877089479,
    38.544739429695184,
    45.03441494591937,
    29.301868239921337,
    47.78761061946903,
    42.67453294001967,
    36.57817109144543,
    51.720747295968536,
    43.95280235988201,
    38.34808259587021,
    46.11602753195674,
    31.26843657817109,
    48.37758112094395,
    43.067846607669615,
    49.26253687315634,
    46.31268436578171,
    48.18092428711898,
    33.13667649950836,
    46.31268436578171,
    38.4464110127827,
    33.23500491642085,
    41.396263520157326,
    36.676499508357914,
    37.36479842674533,
    37.75811209439528,
    41.29793510324484,
    52.21238938053097,
    37.46312684365782,
    38.64306784660767,
    52.90068829891839,
    40.41297935103245,
    29.69518190757129,
    40.41297935103245,
    48.47590953785644,
    22.025565388397247,
    52.114060963618485,
    38.839724680432646,
    36.47984267453294,
    38.839724680432646,
    37.46312684365782,
    50.442477876106196,
    49.557522123893804,
    38.74139626352016,
    45.42772861356932
  ],
  "val_loss": [
    4.569422388273011,
    4.440669554251212,
    4.29566292311429,
    4.209793232105397,
    4.110042746665546,
    4.024318035737968,
    3.956432545626605,
    3.88111302882065,
    3.814916013199606,
    3.7308857244719205,
    3.6339653372274014,
    3.5664652139561657,
    3.573780860429929,
    3.463675151636571,
    3.447774533872251,
    3.35227592001236,
    3.3853195812476513,
    3.2425804255921165,
    3.2357845924518727,
    3.222114272568942,
    3.1485034251899875,
    3.139156039359638,
    3.093247062384837,
    3.069434163992297,
    3.0331968603801336,
    3.0472958804158026,
    3.002182289406105,
    2.941925727781445,
    2.925747537809144,
    2.8521418640152416,
    2.8556818844359597,
    2.8814605822779025,
    2.8265579345294967,
    2.8082761538862693,
    2.7552125100736267,
    2.741835277266954,
    2.694314409185339,
    2.716112577375561,
    2.6314799815048406,
    2.5642766187220443,
    2.6648087001141207,
    2.5954779548409546,
    2.610486728173715,
    2.623730470123605,
    2.5855027697213884,
    2.5723029046392245,
    2.5032889499585815,
    2.506932576497396,
    2.509711523605472,
    2.4543345003952215,
    2.504738118913439,
    2.447758823755837,
    2.440592314480754,
    2.457959546964355,
    2.4763412328413974,
    2.450937975581291,
    2.5082510596930736,
    2.4958182529166892,
    2.4224046169485085,
    2.457036444189127,
    2.424383343983089,
    2.4199844270086093,
    2.44585359538043,
    2.422042267803302,
    2.441935476942808,
    2.409059329287996,
    2.3917817156991843,
    2.4126552946773576,
    2.3790212536054383,
    2.361715017522804,
    2.351517231866656,
    2.380994605919952,
    2.3588175871735246,
    2.3643531818939336,
    2.3458648875907615,
    2.341951075895333,
    2.348193792158684,
    2.3366461329989963,
    2.339457538392809,
    2.355487120985494,
    2.3506245662155467,
    2.3658175919772177,
    2.3491112862104253,
    2.3429462477994063,
    2.3629059065516596,
    2.344509179700059,
    2.3656852377785578,
    2.3446244016105746,
    2.335154661425838,
    2.3501367873125116,
    2.344666730229256,
    2.3430556049072204,
    2.358728471606847,
    2.346790357381719,
    2.3369981202569026,
    2.3272413687450895
  ],