{
  "train_loss": [
    4.602921532787522,
    4.531286013630405,
    4.41814186251855,
    4.257761753648666,
    4.240957801672561,
    4.098328042757077,
    4.0300807981012845,
    3.914967565527122,
    3.9772881003373257,
    3.831132855973295,
    3.8220088306078166,
    3.7056319228315777,
    3.7507062145859558,
    3.640233174186189,
    3.5786564755697636,
    3.5221459239633384,
    3.49362349299203,
    3.3902095276111464,
    3.4520655149555486,
    3.2607860771486776,
    3.2847558129853556,
    3.2723719267249693,
    3.217274309025167,
    3.120553479433763,
    3.3820784345137334,
    2.9808192464102685,
    2.970556863289667,
    2.937318301599403,
    2.9155746500283453,
    2.7481210996033285,
    3.016153491469377,
    2.8182649413158525,
    2.884828699021916,
    2.5933417512017836,
    2.856793920550726,
    2.6570594711641293,
    2.5382048424952384,
    2.496117788547377,
    2.467998468535957,
    2.4542847964381513,
    2.680868384174658,
    2.6966479947550575,
    2.782772636694894,
    2.459115005641326,
    2.516220299074666,
    2.454451669282266,
    2.3814185793303695,
    2.3718468848700134,
    2.495308034422358,
    2.1908734189373904,
    2.5770260539847256,
    2.3198973331948416,
    2.5705845337232893,
    2.1297633223594583,
    2.1604237518948204,
    2.1756504090720807,
    2.076614863166884,
    1.8856313304797971,
    2.1349917610369133,
    2.0880227245998477,
    2.0782190042024986,
    2.183749070444173,
    1.9483923456075738,
    2.202309358319233,
    2.187360479416749,
    2.2277298898471845,
    2.129821451481582,
    2.1906516743034503,
    1.8539794771368876,
    1.9439798962753432,
    1.9570174169165313,
    1.8586769980784128,
    2.0712177345534695,
    1.9137055925446156,
    1.8877101684155835,
    1.8665991225659906,
    1.8484612509915963,
    2.074530510072511,
    2.044646338492837,
    1.803326979030433,
    1.8178745632443574,
    1.6737990504755267,
    1.9706466795772226,
    2.0809349530800487,
    1.7008317855489876,
    1.9783375225704798,
    2.0856038225318363,
    1.9771893010378587,
    1.8833203068407822,
    1.8070255711366996,
    1.8779213721538832,
    2.0085756076589565,
    1.760010415942737,
    1.8094926729080365,
    1.6426177823086403,
    2.0065871752586104
  ],
  "train_acc": [
    1.7699115044247788,
    2.55653883972468,
    2.55653883972468,
    3.4414945919370696,
    5.014749262536873,
    6.588003933136677,
    6.1946902654867255,
    6.588003933136677,
    7.866273352999016,
    6.882989183874139,
    8.357915437561456,
    6.686332350049164,
    8.947885939036382,
    10.32448377581121,
    8.259587020648967,
    11.897738446411013,
    12.586037364798427,
    14.454277286135694,
    17.699115044247787,
    14.945919370698132,
    13.470993117010815,
    19.567354965585054,
    13.274336283185841,
    20.058997050147493,
    17.797443461160274,
    20.94395280235988,
    20.353982300884955,
    20.845624385447394,
    22.910521140609635,
    27.04031465093412,
    18.485742379547688,
    22.812192723697148,
    26.745329400196656,
    29.20353982300885,
    31.071779744346117,
    21.04228121927237,
    26.352015732546707,
    24.582104228121928,
    31.956735496558505,
    24.87708947885939,
    35.2015732546706,
    26.94198623402163,
    31.465093411996065,
    25.467059980334316,
    34.11996066863323,
    29.105211406096362,
    30.580137659783677,
    35.39823008849557,
    31.956735496558505,
    37.16814159292036,
    26.94198623402163,
    32.15339233038348,
    49.45919370698132,
    40.21632251720747,
    31.956735496558505,
    39.72468043264504,
    36.7748279252704,
    35.10324483775811,
    38.34808259587021,
    22.32055063913471,
    40.511307767944935,
    39.72468043264504,
    30.77679449360865,
    32.35004916420846,
    44.8377581120944,
    45.329400196656835,
    40.21632251720747,
    42.87118977384464,
    33.52999016715831,
    34.021632251720746,
    41.396263520157326,
    43.85447394296952,
    36.08652900688299,
    47.590953785644054,
    66.4700098328417,
    29.20353982300885,
    48.96755162241888,
    40.0196656833825,
    51.03244837758112,
    29.891838741396263,
    45.13274336283186,
    39.233038348082594,
    42.379547689282205,
    41.00294985250738,
    54.670599803343165,
    39.03638151425762,
    28.71189773844641,
    49.65585054080629,
    46.80432645034415,
    53.785644051130774,
    38.93805309734513,
    34.021632251720746,
    47.00098328416912,
    43.067846607669615,
    33.726647000983284,
    46.607669616519175
  ],
  "val_loss": [
    4.582632051083286,
    4.489331164968357,
    4.303937327224041,
    4.1751117313840265,
    4.130290571063634,
    4.038593706280116,
    4.056909859425737,
    3.9036927095656533,
    3.830369044723825,
    3.7814876640775075,
    3.7048686747688326,
    3.6976073847876654,
    3.6801971839779197,
    3.639852184327051,
    3.594292381663381,
    3.511156689482952,
    3.5106181234979825,
    3.446576730704602,
    3.433954063266393,
    3.3155498112180104,
    3.281352001943706,
    3.2386781374613443,
    3.2328963495576333,
    3.2355480851459895,
    3.2084548051465194,
    3.135043719177874,
    3.124511596106698,
    3.0913497214454684,
    3.0095975232222445,
    3.0711996427779336,
    2.9837973078582514,
    3.013858939394539,
    2.974879523854197,
    2.8756848460852855,
    2.8599869979261863,
    2.905945496304045,
    2.9006822629230014,
    2.887107519455898,
    2.741808660726979,
    2.784356774616634,
    2.697587742236416,
    2.7857645460607583,
    2.758096824457616,
    2.757898087364165,
    2.622038229012195,
    2.722576766347689,
    2.660814937740687,
    2.6844989429285495,
    2.610540987532816,
    2.6001279305038136,
    2.6586232862354797,
    2.606469215188988,
    2.6410892284456104,
    2.5881864936263472,
    2.572156258571295,
    2.538923565742901,
    2.5202078544553905,
    2.516769169779962,
    2.5161427225105064,
    2.5097406430499545,
    2.531164373389978,
    2.49224911010805,
    2.4841176315590188,
    2.5532408820258246,
    2.501465950483157,
    2.5513972313806352,
    2.4808510497764305,
    2.5271750016467562,
    2.5408245732264265,
    2.4928235782026755,
    2.5053148024366716,
    2.49513905823476,
    2.492491341422124,
    2.4867367960298012,
    2.516725312535164,
    2.5008641761026267,
    2.481721770125652,
    2.505541655261821,
    2.487428905542005,
    2.4719305077698004,
    2.486045354678307,
    2.4860996670193143,
    2.491301983962824,
    2.4625926331728083,
    2.4526657881560148,
    2.4498068207085377,
    2.453348296169391,
    2.453596481079918,
    2.4396506660759694,
    2.4503358587806607,
    2.4408715673925454,
    2.441729881145336,
    2.434790725080074,
    2.4401305025987665,
    2.446192040855502,
    2.452677072320946
  ],