{
  "train_loss": [
    4.601235315159711,
    4.569158897287374,
    4.4391985839798735,
    4.310800003325576,
    4.236808133570729,
    4.228052122403035,
    4.160832219419226,
    4.050310825996812,
    3.9351170417012953,
    3.956103110852612,
    3.9158059364457634,
    3.878445049537201,
    3.7651374363500696,
    3.7355166555271504,
    3.6233178129824446,
    3.568513231643182,
    3.5602835687564185,
    3.638027971355847,
    3.5806795774776794,
    3.448944391636956,
    3.414966286459504,
    3.432893054675212,
    3.3775827765113133,
    3.462321279088773,
    3.3111999855397842,
    3.2849956923178163,
    3.185931998602643,
    3.368080291541746,
    3.216275150914225,
    3.2224023447627514,
    3.1599886975339966,
    2.9415131925716045,
    3.1301387261265967,
    3.0263897001215843,
    2.8910089753487584,
    2.90128076510209,
    3.003606114532861,
    2.8561588276100722,
    2.934267491365956,
    2.952319257965013,
    2.5871160247215714,
    2.8789035779302217,
    2.8408040908937258,
    2.9362633493211536,
    2.853445601205441,
    2.893819062524606,
    2.7186203567913734,
    2.5711963249401593,
    2.598270117122984,
    2.482248234655067,
    2.8766206187601755,
    2.7600794490225313,
    2.481385650067437,
    2.4662676654616873,
    2.6121747503121227,
    2.580690966712104,
    2.6169124981177827,
    2.3998970000793096,
    2.578355670561364,
    2.3715779924345814,
    2.5353817288033964,
    2.44060919019911,
    2.5404772452548543,
    2.1497156267203645,
    2.277942545880493,
    2.3428271775634824,
    2.321337133030624,
    2.0294627906533,
    2.469071541915601,
    2.560374185867835,
    2.3028818120412535,
    2.479232863104566,
    2.5584095661384634,
    2.253489454470084,
    2.2129218204417644,
    2.164997388245199,
    2.2581871367016606,
    2.1802555426969876,
    2.328119333514773,
    2.083478801956102,
    2.196667843277593,
    2.0023733470057783,
    2.4082891657406367,
    2.270685121490306,
    2.2605846919844637,
    2.1463936643497314,
    2.3404123968313812,
    1.9927126444663739,
    2.284475674905843,
    2.1398308224382654,
    1.9751518318903951,
    2.129620850027604,
    2.16308616138372
  ],
  "train_acc": [
    1.7699115044247788,
    1.1799410029498525,
    1.0816125860373649,
    3.933136676499508,
    3.2448377581120944,
    3.343166175024582,
    5.2114060963618485,
    5.703048180924287,
    7.866273352999016,
    7.964601769911504,
    8.16125860373648,
    9.537856440511307,
    9.04621435594887,
    10.22615535889872,
    8.652900688298919,
    11.897738446411013,
    10.914454277286136,
    15.535889872173058,
    11.897738446411013,
    18.58407079646018,
    14.060963618485742,
    14.257620452310718,
    14.257620452310718,
    15.535889872173058,
    20.94395280235988,
    21.43559488692232,
    17.99410029498525,
    21.43559488692232,
    18.977384464110127,
    20.353982300884955,
    27.335299901671583,
    19.86234021632252,
    13.077679449360865,
    27.43362831858407,
    32.743362831858406,
    30.875122910521142,
    19.66568338249754,
    28.023598820058996,
    26.352015732546707,
    27.13864306784661,
    27.630285152409048,
    26.450344149459195,
    29.400196656833824,
    34.611602753195676,
    26.64700098328417,
    20.845624385447394,
    27.531956735496557,
    34.414945919370695,
    33.82497541789577,
    40.117994100294986,
    31.366764995083578,
    26.057030481809242,
    31.661750245821043,
    36.971484759095375,
    39.62635201573255,
    36.57817109144543,
    39.528023598820056,
    36.08652900688299,
    38.74139626352016,
    37.561455260570305,
    35.693215339233035,
    27.236971484759096,
    36.971484759095375,
    36.971484759095375,
    26.843657817109143,
    27.728613569321535,
    31.661750245821043,
    56.932153392330385,
    31.366764995083578,
    48.96755162241888,
    49.45919370698132,
    41.19960668633235,
    41.69124877089479,
    51.22910521140609,
    44.346116027531956,
    50.34414945919371,
    33.43166175024582,
    42.08456243854474,
    39.528023598820056,
    45.329400196656835,
    52.8023598820059,
    24.680432645034415,
    48.18092428711898,
    41.29793510324484,
    42.772861356932154,
    46.4110127826942,
    37.06981317600787,
    40.117994100294986,
    47.1976401179941,
    41.101278269419865,
    40.117994100294986,
    36.87315634218289,
    42.379547689282205
  ],
  "val_loss": [
    4.5945373346776135,
    4.485541014023769,
    4.306790703118093,
    4.211114392849644,
    4.172602155081039,
    4.095849829936714,
    4.0398734704947765,
    3.951354358421922,
    3.8631102558026096,
    3.7834886464562434,
    3.706284168816398,
    3.6133824964609658,
    3.6288989335911754,
    3.5431205039161715,
    3.485564076851425,
    3.441694076169175,
    3.3807892406918874,
    3.3971543783023033,
    3.380664813665696,
    3.269538256366557,
    3.238185916908484,
    3.2436665978451327,
    3.1611672840981817,
    3.247265320255923,
    3.154063579967483,
    3.1236993501215804,
    3.070831258601122,
    3.0632617522659618,
    3.0311790974542436,
    3.046694141356543,
    2.9617912239498563,
    2.9092548423343234,
    2.8905846552593717,
    2.92215993669298,
    2.9672447585274653,
    2.8537369088380915,
    2.8745146307925626,
    2.816808773166358,
    2.8216408466605984,
    2.7731874764210893,
    2.725283412776366,
    2.726585664866883,
    2.738923562407003,
    2.77645994606332,
    2.7363614751478282,
    2.7132538728753235,
    2.716340262212871,
    2.764586276968811,
    2.7599062154322493,
    2.6120004300717956,
    2.671726560396422,
    2.7320937050713434,
    2.6648903717229397,
    2.6284657260518016,
    2.5720376418941795,
    2.558674070570204,
    2.6013695850293823,
    2.613673658527955,
    2.5816761260170016,
    2.5210775328271184,
    2.541946462152426,
    2.5204563572573564,
    2.512871411602193,
    2.499826051570751,
    2.4768031428380266,
    2.4960438675350614,
    2.4425970713297525,
    2.494415542225779,
    2.4938501772076016,
    2.4959200949335294,
    2.523486975289176,
    2.4597867526144648,
    2.4720396014398016,
    2.4768624207610457,
    2.4664940520078558,
    2.4487747027550215,
    2.464362532023049,
    2.4237748399192904,
    2.4448401309825756,
    2.462616259178507,
    2.4455130384782704,
    2.442054243244752,
    2.437347568111655,
    2.4330247674949868,
    2.4244419066503706,
    2.42615972821114,
    2.4194814992049105,
    2.397982181344994,
    2.407830181435793,
    2.410872251408581,
    2.4017463490796187,
    2.39992827446863,
    2.396967390437185
  ],