{
  "train_loss": [
    4.604495161050892,
    4.5563962644766445,
    4.428335574758674,
    4.265338255826937,
    4.206103751089721,
    4.071997271174878,
    4.002171703027296,
    3.9941069322584184,
    4.0442127564898165,
    3.8722425055714833,
    3.77384067964882,
    3.856528807295928,
    3.6717233240545792,
    3.563751817335656,
    3.508215502182877,
    3.645218201208724,
    3.5011090882994313,
    3.6113155849329255,
    3.433924812834523,
    3.5113288945973564,
    3.441491028317777,
    3.346910230060829,
    3.2746114496401746,
    3.2740625943640573,
    3.224679695587008,
    3.1979367442304523,
    3.1267909117504558,
    3.308701614597437,
    3.1064729219341,
    3.167803041116795,
    3.1171544411658303,
    2.784850483681483,
    3.118620562576849,
    2.930075469153,
    3.079609536140014,
    3.036388908046771,
    2.785168178665251,
    2.814833481168794,
    2.5377047115839804,
    2.8496253549056303,
    2.7340957450304058,
    2.796187598679504,
    2.682543621654004,
    2.759746051233192,
    2.681386898400861,
    2.7580066357859234,
    2.5578052046962427,
    2.663856694363094,
    2.5841393714574705,
    2.4502465075565065,
    2.656160228958055,
    2.614728807816932,
    2.361356822673081,
    2.3928517099678692,
    2.5436291696985447,
    2.484318907164777,
    2.390977805577431,
    2.459815963296881,
    2.3764899245874487,
    2.466552801891766,
    2.547639606742146,
    2.4068034457128893,
    2.281477638753818,
    2.364058830627884,
    2.5431747583044197,
    2.5774231873665117,
    2.4459492834385634,
    2.2526596809207162,
    2.325826112734064,
    2.428651073923739,
    2.312056090510583,
    2.146307787360695,
    2.317235341348714,
    2.329369848573923,
    2.4467240945896687,
    1.9059365218836766,
    2.246284899106771,
    2.095094504023489,
    2.3298186819813598,
    2.4668071898270028,
    2.212210504237412,
    2.0551807502964134,
    2.286631059974813,
    2.525190291268753,
    2.3992153672224887,
    2.1596705315739,
    2.47555826969203,
    2.130128332295601,
    1.987382442433105,
    2.1474746570005765,
    1.949108019925383,
    2.1516475025765898,
    2.16110833251488,
    2.0592864806907603,
    2.0551996755037334,
    2.209602795284875,
    2.310056827061296,
    2.2241935003237505,
    2.157494526579903,
    1.8440466672621645
  ],
  "train_acc": [
    1.4749262536873156,
    1.7699115044247788,
    2.6548672566371683,
    2.6548672566371683,
    5.2114060963618485,
    5.6047197640118,
    6.784660766961652,
    7.177974434611603,
    8.16125860373648,
    7.276302851524091,
    9.04621435594887,
    10.422812192723697,
    10.029498525073747,
    10.619469026548673,
    9.242871189773844,
    12.979351032448378,
    14.749262536873156,
    13.372664700098328,
    15.339233038348082,
    10.422812192723697,
    16.71583087512291,
    18.977384464110127,
    14.650934119960668,
    22.123893805309734,
    18.190757128810226,
    21.92723697148476,
    26.057030481809242,
    22.4188790560472,
    21.92723697148476,
    26.64700098328417,
    21.14060963618486,
    19.567354965585054,
    25.27040314650934,
    23.402163225172075,
    28.121927236971484,
    30.186823992133725,
    28.31858407079646,
    32.54670599803343,
    24.287118977384463,
    33.6283185840708,
    28.31858407079646,
    30.580137659783677,
    34.80825958702065,
    26.64700098328417,
    35.39823008849557,
    32.35004916420846,
    35.49655850540806,
    25.27040314650934,
    31.858407079646017,
    41.69124877089479,
    40.41297935103245,
    26.15535889872173,
    34.021632251720746,
    38.93805309734513,
    40.60963618485742,
    37.266470009832844,
    39.823008849557525,
    35.59488692232055,
    37.36479842674533,
    34.611602753195676,
    33.333333333333336,
    39.92133726647001,
    34.90658800393314,
    33.726647000983284,
    31.76007866273353,
    31.366764995083578,
    36.283185840707965,
    42.772861356932154,
    48.574237954768925,
    45.624385447394296,
    46.017699115044245,
    38.34808259587021,
    39.823008849557525,
    35.004916420845625,
    43.067846607669615,
    38.74139626352016,
    42.379547689282205,
    40.511307767944935,
    35.59488692232055,
    37.85644051130777,
    46.31268436578171,
    34.21828908554572,
    43.36283185840708,
    41.49459193706981,
    34.611602753195676,
    42.67453294001967,
    47.295968534906585,
    36.7748279252704,
    45.82104228121927,
    44.64110127826942,
    46.4110127826942,
    41.69124877089479,
    36.47984267453294,
    50.835791543756145,
    51.130776794493606,
    44.54277286135693,
    49.36086529006883,
    43.1661750245821,
    54.27728613569322,
    40.21632251720747
  ],
  "val_loss": [
    4.589431423218652,
    4.456046775535301,
    4.253744303934859,
    4.13799314047574,
    4.042701298317301,
    3.9050855695465465,
    3.843078832076901,
    3.7523351775275335,
    3.693118012000504,
    3.611769992137642,
    3.615099019965027,
    3.588192249031224,
    3.489865037148872,
    3.430525977915697,
    3.3865659580309204,
    3.390260131270797,
    3.2996201122739186,
    3.343489962840767,
    3.2845351784317582,
    3.293199842358813,
    3.2158516267690147,
    3.1660365499096152,
    3.104861278102231,
    3.185518037144539,
    3.084025434015219,
    2.994318466618228,
    2.987943007622236,
    3.1058266565142345,
    3.0060131481154957,
    2.9993732917455977,
    2.983841658619696,
    2.892348664287677,
    2.8427546505084256,
    2.888714667700936,
    2.880718283201932,
    2.885499184023696,
    2.8853640418974953,
    2.802565731629423,
    2.7860860736281783,
    2.7710332271984086,
    2.7484954168767106,
    2.8073216151798706,
    2.805065376768387,
    2.7646044340643865,
    2.7684744012699207,
    2.7398576854187766,
    2.706077658099893,
    2.6526291949268233,
    2.6312452863763878,
    2.5690580218907737,
    2.6287824146050975,
    2.5780603130167896,
    2.6163104031802207,
    2.577788768972389,
    2.618375508382978,
    2.6164550114070435,
    2.579650621845889,
    2.565595123502943,
    2.603826469845242,
    2.5808327649355918,
    2.516582748036326,
    2.5737509217281893,
    2.519621508602252,
    2.5917452931894687,
    2.5213150310908814,
    2.515870531890618,
    2.495742513319102,
    2.504365015422366,
    2.4616028840649764,
    2.4923714629907177,
    2.522154415585867,
    2.5382194469985646,
    2.511187697634285,
    2.507082341629782,
    2.53817423380942,
    2.4454765182463722,
    2.4278764538313626,
    2.427989485823078,
    2.3928024297879067,
    2.4229113672986444,
    2.4060957225752464,
    2.393826509208836,
    2.414329244276133,
    2.4127877828025035,
    2.4230306452684442,
    2.4175831888928827,
    2.417596008551955,
    2.3965716283507796,
    2.379022789590153,
    2.348615047862991,
    2.3572447908268055,
    2.3555442138954445,
    2.3747942241621605,
    2.3660232343791443,
    2.3636344666343656,
    2.3585368340888633,
    2.358772393607308,
    2.3645974785212136,
    2.369616612485407,
    2.36714192967356
  ],