{
  "train_loss": [
    4.6047770660535425,
    4.503485509427951,
    4.393992851617414,
    4.2349068455053755,
    4.235866842016709,
    4.212151518027457,
    4.016063433246744,
    4.034070248449095,
    3.9366801645434593,
    3.7937382685868557,
    3.780479529145427,
    3.7617123830283288,
    3.659046256085061,
    3.7274538122681626,
    3.6858982932016677,
    3.509159987186143,
    3.536331522781237,
    3.5552508931830453,
    3.4159148402856396,
    3.3828457013695643,
    3.3431219883490217,
    3.43697982387674,
    3.306519646911846,
    3.2157762078760648,
    3.311185767868627,
    3.336935462970415,
    3.1205289218512493,
    3.1901082856582446,
    3.1956043674765318,
    2.986994110377489,
    2.985352887516528,
    2.92801088311562,
    3.02305444784924,
    2.848931117512601,
    2.919369194945989,
    3.12411061617946,
    3.0986722158002524,
    2.810534571476039,
    2.6692296171610335,
    2.8197469434672517,
    2.7336243504737094,
    2.801765183549129,
    2.749452959471396,
    2.72900859901687,
    2.61471872132788,
    2.552499215745879,
    2.5950957638675836,
    2.689214611944313,
    2.5648937977872417,
    2.633047013390615,
    2.5686914156554606,
    2.481611234482997,
    2.858206494602365,
    2.472233359909808,
    2.5497709959305843,
    2.289926102848297,
    2.61879642827907,
    2.6026530153280163,
    2.557904242062639,
    2.5688962728927973,
    2.726639025096462,
    2.274768905770931,
    2.6851400018558857,
    2.5764219769099936,
    2.555100930709989,
    2.5699217638317697,
    2.338698130207193,
    2.2884364803280453,
    2.2269137831681363,
    2.262715153520672,
    2.0827328569183425,
    2.331195178402326,
    2.4171842187789574,
    2.392411462325262,
    2.1380740411162025,
    2.352661912068505,
    2.315350136808472,
    2.260491983494341,
    2.3706007252283388,
    2.172863747869621,
    2.472084265777378,
    2.3084696823165127,
    2.3125204885252106,
    2.2502039414239845,
    2.359535245417142
  ],
  "train_acc": [
    0.983284169124877,
    1.966568338249754,
    2.949852507374631,
    4.129793510324483,
    5.408062930186824,
    4.523107177974435,
    6.588003933136677,
    6.293018682399214,
    8.062930186823992,
    10.422812192723697,
    8.751229105211406,
    14.15929203539823,
    13.962635201573255,
    12.684365781710914,
    15.339233038348082,
    15.044247787610619,
    17.207472959685347,
    19.86234021632252,
    16.912487708947886,
    11.9960668633235,
    19.272369714847592,
    17.699115044247787,
    16.32251720747296,
    21.238938053097346,
    22.32055063913471,
    19.174041297935105,
    21.730580137659782,
    17.6007866273353,
    13.864306784660767,
    30.97345132743363,
    27.630285152409048,
    22.910521140609635,
    29.301868239921337,
    24.582104228121928,
    25.467059980334316,
    20.15732546705998,
    31.956735496558505,
    23.697148475909536,
    31.76007866273353,
    27.335299901671583,
    29.105211406096362,
    30.186823992133725,
    27.04031465093412,
    30.088495575221238,
    32.15339233038348,
    30.383480825958703,
    40.806293018682396,
    27.335299901671583,
    34.21828908554572,
    29.301868239921337,
    31.071779744346117,
    32.94001966568338,
    31.170108161258604,
    16.912487708947886,
    26.94198623402163,
    45.72271386430678,
    22.71386430678466,
    37.46312684365782,
    49.164208456243855,
    40.511307767944935,
    35.59488692232055,
    34.11996066863323,
    22.4188790560472,
    29.99016715830875,
    30.48180924287119,
    34.90658800393314,
    36.47984267453294,
    34.80825958702065,
    35.79154375614553,
    45.42772861356932,
    45.52605703048181,
    48.96755162241888,
    30.383480825958703,
    38.839724680432646,
    32.25172074729597,
    39.03638151425762,
    37.16814159292036,
    42.96951819075713,
    43.85447394296952,
    34.90658800393314,
    41.19960668633235,
    39.92133726647001,
    33.92330383480826,
    45.329400196656835,
    45.52605703048181
  ],
  "val_loss": [
    4.580077626577621,
    4.385033542727247,
    4.209235513161239,
    4.138639713020481,
    4.041633656976645,
    3.966161580733311,
    3.903761979483773,
    3.778152490348973,
    3.655189133475347,
    3.669744983131503,
    3.527883195092158,
    3.4793413107287248,
    3.413183906931936,
    3.431261604214892,
    3.3835619123874867,
    3.307977948169159,
    3.3222126538861434,
    3.3163298235999212,
    3.205987709539908,
    3.232039777339731,
    3.226368778527028,
    3.184425589479046,
    3.1281870657524453,
    3.0424309758001886,
    3.0705750282899835,
    3.0222530080457775,
    2.972095046023773,
    2.941995035964275,
    2.9460874673270396,
    2.84255158655928,
    2.8583450013227423,
    2.859433491043593,
    2.8428057957088013,
    2.820572056397489,
    2.820168575632229,
    2.8332456796748158,
    2.7436468669907055,
    2.738170725818524,
    2.6847278708783686,
    2.678927984747867,
    2.651322926022879,
    2.643177251266354,
    2.66130675798581,
    2.6466364212978033,
    2.6136930744343823,
    2.605510749934632,
    2.589297374089559,
    2.5790006771009155,
    2.596195766464673,
    2.5846582322454257,
    2.5839681115170077,
    2.5462404572914656,
    2.592299765520135,
    2.543801359678983,
    2.509085275508739,
    2.5282091270258396,
    2.5284156495161016,
    2.5236896850444652,
    2.5312190134338883,
    2.5129992353572765,
    2.5646891868654103,
    2.531628487041458,
    2.5457021042152688,
    2.490017270845641,
    2.5431034800447065,
    2.4968954996807584,
    2.4891834504319807,
    2.453785631391737,
    2.4378545529557845,
    2.4376777984477855,
    2.4158525133329163,
    2.4626388942263255,
    2.4562485757678623,
    2.462951599325172,
    2.4887429833902743,
    2.445693211300383,
    2.4518082867924567,
    2.4432096697175454,
    2.4409708182017007,
    2.422581748216731,
    2.4218618869781494,
    2.4312466986385393,
    2.430921812606937,
    2.4411224200401778,
    2.4387901388568642
  ],