{
  "train_loss": [
    4.606107678642885,
    4.554196079784536,
    4.374409221710368,
    4.146050550083426,
    3.95906792604987,
    3.828361152965117,
    3.6983876955062946,
    3.6346690986245713,
    3.5087489571800843,
    3.3968898638047,
    3.2608949181867795,
    3.166412618708483,
    3.06139025331181,
    3.023713266148287,
    2.8647218439030775,
    2.746267776438259,
    2.685667709870772,
    2.5600956735763956,
    2.44174121280405,
    2.28901934113732,
    2.1983997031329148,
    2.115123464461954,
    2.0456064971373045,
    1.9462320970341485,
    1.8208348853065368,
    1.6850650355140155,
    1.6449523233474894,
    1.4686174756065409,
    1.4671500191331548,
    1.2799579558525493,
    1.2183845744413488,
    1.1296496177739639,
    1.1403558776977865,
    1.066444568455538,
    0.9741677858612754,
    0.9511871334703211,
    0.9283254031829018,
    0.8579990095633236,
    0.8162873349087761,
    0.769228706704104,
    0.7077776885287647,
    0.588106179301114,
    0.47756748403457394,
    0.4358062383962825,
    0.37304750618768884,
    0.3776192594180133,
    0.33170658222494276,
    0.32341375532634753,
    0.3019031230858303,
    0.27313548868352716
  ],
  "train_acc": [
    0.6684491978609626,
    2.6737967914438503,
    3.4759358288770055,
    5.347593582887701,
    6.149732620320855,
    6.4171122994652405,
    9.090909090909092,
    9.893048128342246,
    10.294117647058824,
    11.096256684491978,
    14.973262032085561,
    15.775401069518717,
    17.513368983957218,
    18.048128342245988,
    21.79144385026738,
    25.13368983957219,
    22.86096256684492,
    26.06951871657754,
    30.481283422459892,
    34.224598930481285,
    35.56149732620321,
    38.50267379679144,
    39.57219251336898,
    41.44385026737968,
    44.786096256684495,
    49.73262032085562,
    50.80213903743316,
    55.61497326203209,
    54.411764705882355,
    63.101604278074866,
    63.36898395721925,
    64.83957219251337,
    65.77540106951872,
    66.57754010695187,
    70.32085561497327,
    71.3903743315508,
    71.65775401069519,
    73.79679144385027,
    76.47058823529412,
    77.00534759358288,
    77.94117647058823,
    85.56149732620321,
    87.83422459893048,
    88.63636363636364,
    91.31016042780749,
    91.57754010695187,
    93.71657754010695,
    91.97860962566845,
    92.7807486631016,
    93.98395721925134
  ],
  "val_loss": [
    4.597591209411621,
    4.510519680832371,
    4.352427809166186,
    4.200951755408084,
    4.098223876953125,
    4.0567456072027035,
    4.010669968344948,
    3.9662232384537206,
    3.9486691431565717,
    3.9096945921579995,
    3.8509679852109966,
    3.7924320683334813,
    3.9806870431611032,
    3.850056521097819,
    3.8149479374741064,
    3.7750465884353175,
    3.903854904752789,
    3.7145781762672194,
    3.832765871105772,
    3.8332199876958675,
    3.931357398177638,
    3.814035089088209,
    3.9037435820608426,
    3.9802948951721193,
    4.022922145959103,
    4.023168719898571,
    4.048761812845866,
    4.286133714155717,
    4.1182758504694155,
    4.286065049604936,
    4.444874416698109,
    4.5787621440309465,
    4.476368927233147,
    4.5511788050333655,
    4.862629722826409,
    4.829977578827829,
    4.795619265238444,
    4.825896803538004,
    4.962761803829308,
    5.029329060063217,
    5.126975510337136,
    5.096323510372278,
    5.1934241352659285,
    5.240816965970126,
    5.333005200010358,
    5.306745653441458,
    5.395684505231452,
    5.376377718376391,
    5.390251032511393,
    5.428248411236387
  ],
  "val_acc": [
    0.6060606060606061,
    1.8181818181818181,
    2.4242424242424243,
    3.6363636363636362,
    2.4242424242424243,
    3.6363636363636362,
    6.666666666666667,
    8.484848484848484,
    9.090909090909092,
    9.090909090909092,
    8.484848484848484,
    12.121212121212121,
    9.696969696969697,
    7.878787878787879,
    13.333333333333334,
    13.333333333333334,
    14.545454545454545,
    15.757575757575758,
    12.727272727272727,
    15.151515151515152,
    16.363636363636363,
    14.545454545454545,
    15.757575757575758,
    16.96969696969697,
    17.575757575757574,
    14.545454545454545,
    15.757575757575758,
    16.96969696969697,
    18.181818181818183,
    18.181818181818183,
    18.78787878787879,
    18.181818181818183,
    19.393939393939394,
    18.181818181818183,
    20.0,
    19.393939393939394,
    16.96969696969697,
    19.393939393939394,
    12.727272727272727,
    15.757575757575758,
    18.181818181818183,
    16.96969696969697,
    17.575757575757574,
    18.181818181818183,
    18.181818181818183,
    16.363636363636363,
    17.575757575757574,
    16.96969696969697,
    16.96969696969697,
    19.393939393939394
  ]
}