{
  "model": "MLP Landmark-Based",
  "model_path": "models/best_mlp_model.pth",
  "model_size_mb": 0.2445,
  "test_accuracy": 99.38,
  "test_samples": 9610,
  "fps": 91650.5,
  "ms_per_sample": 0.0109,
  "per_class_metrics": {
    "A": {
      "precision": 0.996996996996997,
      "recall": 0.9940119760479041,
      "f1-score": 0.9955022488755623,
      "support": 334.0
    },
    "B": {
      "precision": 1.0,
      "recall": 1.0,
      "f1-score": 1.0,
      "support": 343.0
    },
    "C": {
      "precision": 0.9966996699669967,
      "recall": 1.0,
      "f1-score": 0.9983471074380166,
      "support": 302.0
    },
    "D": {
      "precision": 0.9946808510638298,
      "recall": 0.9920424403183024,
      "f1-score": 0.9933598937583001,
      "support": 377.0
    },
    "E": {
      "precision": 0.9971751412429378,
      "recall": 0.9943661971830986,
      "f1-score": 0.995768688293371,
      "support": 355.0
    },
    "F": {
      "precision": 1.0,
      "recall": 0.9952718676122931,
      "f1-score": 0.9976303317535545,
      "support": 423.0
    },
    "G": {
      "precision": 0.9944903581267218,
      "recall": 1.0,
      "f1-score": 0.9972375690607734,
      "support": 361.0
    },
    "H": {
      "precision": 0.9946236559139785,
      "recall": 0.9946236559139785,
      "f1-score": 0.9946236559139785,
      "support": 372.0
    },
    "I": {
      "precision": 0.9943502824858758,
      "recall": 0.9832402234636871,
      "f1-score": 0.9887640449438202,
      "support": 358.0
    },
    "J": {
      "precision": 0.9974747474747475,
      "recall": 0.9974747474747475,
      "f1-score": 0.9974747474747475,
      "support": 396.0
    },
    "K": {
      "precision": 1.0,
      "recall": 0.9949748743718593,
      "f1-score": 0.9974811083123426,
      "support": 398.0
    },
    "L": {
      "precision": 0.9973474801061007,
      "recall": 1.0,
      "f1-score": 0.99867197875166,
      "support": 376.0
    },
    "M": {
      "precision": 0.9877551020408163,
      "recall": 0.983739837398374,
      "f1-score": 0.9857433808553971,
      "support": 246.0
    },
    "N": {
      "precision": 0.9639175257731959,
      "recall": 0.9842105263157894,
      "f1-score": 0.9739583333333334,
      "support": 190.0
    },
    "O": {
      "precision": 0.9910714285714286,
      "recall": 0.9940298507462687,
      "f1-score": 0.992548435171386,
      "support": 335.0
    },
    "P": {
      "precision": 1.0,
      "recall": 0.9873417721518988,
      "f1-score": 0.9936305732484076,
      "support": 316.0
    },
    "Q": {
      "precision": 0.987987987987988,
      "recall": 0.9939577039274925,
      "f1-score": 0.9909638554216867,
      "support": 331.0
    },
    "R": {
      "precision": 0.983957219251337,
      "recall": 0.9865951742627346,
      "f1-score": 0.9852744310575636,
      "support": 373.0
    },
    "S": {
      "precision": 0.9894179894179894,
      "recall": 0.9894179894179894,
      "f1-score": 0.9894179894179894,
      "support": 378.0
    },
    "T": {
      "precision": 1.0,
      "recall": 0.9943502824858758,
      "f1-score": 0.9971671388101983,
      "support": 354.0
    },
    "U": {
      "precision": 0.9845758354755784,
      "recall": 0.9973958333333334,
      "f1-score": 0.9909443725743855,
      "support": 384.0
    },
    "V": {
      "precision": 0.9973333333333333,
      "recall": 1.0,
      "f1-score": 0.9986648865153538,
      "support": 374.0
    },
    "W": {
      "precision": 1.0,
      "recall": 0.9893333333333333,
      "f1-score": 0.9946380697050938,
      "support": 375.0
    },
    "X": {
      "precision": 0.9939393939393939,
      "recall": 0.984984984984985,
      "f1-score": 0.9894419306184012,
      "support": 333.0
    },
    "Y": {
      "precision": 0.9973684210526316,
      "recall": 0.9973684210526316,
      "f1-score": 0.9973684210526316,
      "support": 380.0
    },
    "Z": {
      "precision": 1.0,
      "recall": 0.9943502824858758,
      "f1-score": 0.9971671388101983,
      "support": 354.0
    },
    "del": {
      "precision": 0.9814814814814815,
      "recall": 1.0,
      "f1-score": 0.9906542056074766,
      "support": 265.0
    },
    "space": {
      "precision": 0.9783549783549783,
      "recall": 0.9955947136563876,
      "f1-score": 0.9868995633187773,
      "support": 227.0
    },
    "accuracy": 0.9937565036420395,
    "macro avg": {
      "precision": 0.9928928528592263,
      "recall": 0.993524167426387,
      "f1-score": 0.9931908607176574,
      "support": 9610.0
    },
    "weighted avg": {
      "precision": 0.9937986560851562,
      "recall": 0.9937565036420395,
      "f1-score": 0.9937629754435581,
      "support": 9610.0
    }
  },
  "device": "cuda",
  "gpu": "NVIDIA GeForce RTX 3050 Laptop GPU"
}