{
  "train_loss": [
    0.9682225748353404,
    0.5039949190440436,
    0.4203922780902906,
    0.38890467654308075,
    0.37085702251722463,
    0.041270817804881656,
    0.009457359872869739,
    0.008445106122450235,
    0.006468927886311523,
    0.004961421455259048,
    0.004090258831501539
  ],
  "train_acc": [
    77.52873563218391,
    85.77832512315271,
    87.52216748768473,
    88.02463054187191,
    88.51559934318556,
    98.67159277504105,
    99.6847290640394,
    99.7192118226601,
    99.816091954023,
    99.8456486042693,
    99.86863711001642
  ],
  "val_loss": [
    0.3754774752974339,
    0.2980547930672765,
    0.21992271958423915,
    0.20463455345964246,
    0.172077354391969,
    0.0020472803875709283,
    0.00036983094860026304,
    0.00010095621882280356,
    0.00024330055428712567,
    0.000328518550274005,
    0.0005924183575908987
  ],
  "val_acc": [
    91.5095785440613,
    92.60536398467433,
    94.29885057471265,
    94.28352490421456,
    94.90421455938697,
    99.96168582375479,
    99.98467432950191,
    100.0,
    99.99233716475096,
    99.99233716475096,
    99.98467432950191
  ]
}